题型,题目,选项,答案,解析
单选题,[2019年][河南中安]某工程基坑深度7.25m，根据《建筑施工安全技术统一规范》（GB50870），在建筑施工安全技术量化分析中，该基坑危险等级系数取值是（ ）。,A.1.10|B.1.05|C.1.00|D.0.95,A,本题主要考查的是基坑危险等级。属于数字的考察。A正确，根据《建筑施工安全技术统一规范》（GB50870），条文说明3.0.1超过一定规模的、危险性较大的分部分项工程可对应于Ⅰ级危险等级的要求，危险性较大的分部分项工程可对应于Ⅱ级危险等级的要求，这样做可以较好地与现行管理制度衔接。基坑深度7.25m属于超过一定规模的危险性较大的分部分项工程，属于Ⅰ级危险等级。根据《建筑施工安全技术统一规范》（GB50870）建筑施工危险等级系数表可知，该基坑危险等级系数取值为1.10。故选A。
单选题,"[2019年][河南中安]一、单选题
2
标记
收藏
塔式起重机的起升机构是为实现物料上升或下降运动而设立的机械装置。下列装置中，不属于塔式起重机起升机构的是（ ）。",A.驱动装置|B.制动装置|C.传动装置|D.回转支承装置,D,本题主要考查的是塔吊的起升机构。做题思路：起升无转动。D不属于，ABC属于。塔式起重机的起升机构主要由驱动装置、传动装置、制动装置和工作装置四个部件组成，塔式起重机的回转机构由回转支承装置和回转驱动装置两部分组成。故选D。
单选题,[2019年][河南中安]防坠安全器是施工升降机重要的安全装置，应在有效的标定期限内使用。某防坠安全器本次标定日期为2019年3月30日，下次最晚标定日期是（ ）。,A.2019年9月29日|B.2020年3月29日|C.2020年9月29日|D.2021年3月29日,B,本题主要考查的是防坠器的检测周期。属于数字的考察。做题思路：1年。B正确，根据《施工升降机安全规程》（GB10055-2007），11.1.9防坠安全器只能在有效的标定期限内使用，有效标定期限不应超过一年。题干中给出标定日期为2019年3月30日，最晚是在2020年3月29日。故选B。
单选题,[2019年][河南中安]施工单位选用50t汽车式起重机进行钢结构吊装作业，根据《建筑机械使用安全技术规程》（JGJ33），在吊装作业前制定了具体的安全措施。关于吊装作业安全措施的说法，正确的是（ ）。,A.汽车式起重机无支腿吊装作业时，应进行专项安全技术交底|B.吊物在空中长时间停留时，司机锁住起升卷筒后离开操作室|C.在进行额定载荷试验时，通过调整机体使回转支撑面的倾斜度符合要求|D.汽车式起重机起吊作业时，汽车驾驶室内不得有人,D,本题主要考查的是汽车吊吊装作业安全措施。属于常规考点。做题思路：汽车吊不属于特种设备，作业时司机不得离开操作室，严格按照正常的吊装作业进行安全管理。A错误，错在“无支腿作业，这是不允许的”。依据《建筑机械使用安全技术规程》（JGJ33），4.3.4作业前，应全部伸出支腿，调整机体使得回转支撑面的倾斜度在无载荷时不大于1/1000（水准居中）；D正确，4.3.9汽车式起重机吊装作业时，汽车驾驶室内不得有人，重物不得超越汽车驾驶室上方，且不得在车的前方起吊；B错误，错在“司机离开操作室”。4.3.12当重物在空中需停留较长时间时，应将起升卷筒制动锁住，操作人员不得离开操作室；C错误，错在“试验时调整机体倾斜度”。依据《汽车起重机和轮胎起重机试验规范》（GB/T6068-2021），15.1.1使用支腿支撑的起重机，支腿处于规定的作业位置，所有轮胎离地。故进行试验前已经完成倾斜度调整，在试验时不得通过调整机体使回转支撑面的倾斜度符合要求。故选D。
单选题,"[2019年][河南中安]一、单选题
5
标记
收藏
高处作业吊篮悬吊平台下滑速度达到锁绳速度或悬吊平台倾斜角度达到锁绳角度时，能自动锁住安全钢丝绳并使悬吊平台停止下滑或倾斜的装置是（ ）。",A.限位器|B.安全锁|C.提升机|D.导向轮,B,本题主要考查的是吊篮的安全锁的作用。属于高频考点。做题思路：能锁绳的只有安全锁。B正确，安全锁是悬吊平台下滑速度达到锁绳速度或悬吊平台倾斜角度达到锁绳角度时，能自动锁住安全钢丝绳，使悬吊平台停止下滑或倾斜的装置。故选B。
单选题,[2019年][河南中安]某施工现场单独设置一台分配电箱为钢筋加工区内的钢筋加工机械供电。根据《施工现场临时用电安全技术规范》（JGJ46），钢筋加工机械开关箱与分配电箱的最远距离不得超过（ ）。,A.10m|B.20m|C.30m|D.40m,C,本题主要考查的是分配电箱和开关箱的距离。属于高频考点。做题思路：分开30米（分配电箱与开关箱30米），开机3米（开关箱与机电设备3米）。C正确，根据《施工现场临时用电安全技术规范》（JGJ46），分配电箱与开关箱之间，开关箱与用电设备之间的压缩配电间距有如下要求：①分配电箱应设在用电设备或负荷相对集中的场所；②分配电箱与开关箱的距离一般不超过30m；③开关箱与其供电的固定式用电设备的水平距离不应超过3m。故选C。
单选题,[2019年][河南中安]某施工现场临时用电安全检查，发现TN-S供电系统中一台配电箱的金属电器安装板未做保护接零。根据《施工现场临时用电安全技术规范》（JGJ46），正确的做法是将金属电器安装板（ ）。,A.与PE线端子板做电气连接|B.与配电箱的重复接地引上线做电气连接|C.与配电箱的金属防护棚做电气连接|D.与N线端子板做电气连接,A,本题主要考查的是金属电器安装板与N线和PE线的接触方式。属于高频考点。做题思路：N线有电，要绝缘。PE是保护，要连接。A正确，配电箱的电器安装板上必须设N线端子板和PE线端子板。N线端子板必须与金属电器安装板绝缘；PE线端子板必须与金属电器安装板做电气连接。进出线中的N线必须通过N线端子板连接；PE线必须通过PE线端子板连接。故选A。
单选题,[2019年][河南中安]施工现场高处作业时应在临空一侧设置防护栏杆，防护栏杆由横杆、立杆及挡脚板等组成。根据《建筑施工高处作业安全技术规范》（JGJ80），当防护栏杆采用两道横杆时，上杆距地面高度是（ ）。,A.1.00m|B.1.10m|C.1.20m|D.1.50m,C,本题主要考查的是防护栏杆的高度。属于高频考点。做题思路：上1.2，中0.6。C正确，根据《建筑施工高处作业安全技术规范》（JGJ80），4.3.1防护栏杆应为两道横杆，上杆距地面高度应为1.2m，下杆应在上杆和挡脚板中间设置。故选C。
单选题,"[2019年][河南中安]一、单选题
9
标记
收藏
某施工现场进行落地式外脚手架搭设作业，作业高度45m，在脚手架搭设下方设置了警戒隔离区域。警戒隔离区距架体外侧的距离至少应为（ ）。",A.3m|B.4m|C.5m|D.6m,D,"本题主要考查的是高处坠落半径。属于高频考点。做题思路：2-5-15-30,对应3/4/5/6。D正确，45米的作业高度，坠落半径是6米，所以警戒区域至少6米。根据《建筑施工高处作业安全技术规范》（JGJ80），7.1.1交叉作业时，下层作业位置应处于上层作业的坠落半径之外，高空作业坠落半径应按表7.1.1确定。安全防护棚和警戒隔离区范围的设置应视上层作业高度确定，并应大于坠落半径。故选D。"
单选题,"[2019年][河南中安]一、单选题
10
标记
收藏
根据《建筑施工高处作业安全技术规范》（JGJ80），当安全防护棚下有机动车辆通行时，棚底至地面高度至少应为（ ）。",A.2.50m|B.3.00m|C.3.50m|D.4.00m,D,本题主要考查的是安全棚的高度。属于高频考点。做题思路：过人的3米，过车的4米。D正确，根据《建筑施工高处作业安全技术规范》（JGJ80），7.2.1当安全防护棚为非机动车车辆通行时，棚底至地面高度不应小于3m；当安全防护棚为机动车辆通行时，棚底至地面高度不应小于4m。故选D。
单选题,[2019年][河南中安]施工单位在土方开挖前，编制了基坑工程土方开挖方案，制定了土方开挖的安全技术措施。关于土方开挖安全技术措施的说法，错误的是（ ）。,A.开挖基坑土体含水量大而不稳定时，应采用临时性支撑加固|B.相邻基坑开挖时，应遵循先浅后深或同时进行的施工顺序|C.基坑放坡开挖时，应对坡顶、坡面、坡脚采取降水措施|D.开挖至坑底时，应避免扰动基底持力土层的原状结构,B,本题主要考查的是土方开挖安全技术措施。属于高频考点。A正确，（1）当开挖基坑土体含水量大而不稳定或基坑较深，或受到周围场地限制而需要用较陡的边坡或直立开挖而土质较差时，应采用临时性支撑加固；D正确，（2）挖至坑底时，应避免扰动基底持力土层的原状结构；B错误，错在“先浅后深，应是先深后浅”。（3）相邻基坑开挖时，应遵循先深后浅或同时进行的施工顺序；C正确，（4）基坑边界周围地面应设排水沟，对坡顶、坡面、坡脚采取排水措施，防止地面水流入或渗入坑内，以免发生边坡塌方。故选B。
单选题,[2019年][河南中安]某地下管廊工程在结构施工期间，施工单位专职安全生产管理人员对基坑安全进行专项检查。关于基坑安全防护的做法，错误的是（ ）。,A.基坑开挖深度5m，沿基坑周边安装防护栏杆|B.膨胀岩土基坑坡面和坡顶3m内采用防水措施|C.基坑内搭设宽度为0.50m的双向梯道，满足作业人员通行|D.降水井口设置防护盖板和警示标志,C,本题主要考查的是基坑安全防护。属于高频考点。A正确，（1）开挖深度超过2m的基坑周边必须安装防护栏杆，防护栏高度不应低于1.2m，安装牢固，材料应有足够的强度；C错误，错在“0.5m的宽度，不满足上下行人的要求，至少1m”。（2）基坑内宜设置供施工人员上下的专用梯道。梯道应设扶手栏杆，宽度不应小于1m；D正确，（3）采用井点降水时，井口应设置防护盖板或围栏，警示标志应明显；B正确，根据《建筑深基坑工程施工安全技术规范》（JGJ311），11.2基坑工程应按设计要求进行地面硬化，并在周边设置防水围挡和防护栏杆。对膨胀性土及冻土的坡面和坡顶3m以内采取防水及防冻措施。故选C。
单选题,[2019年][河南中安]根据《建筑施工扣件式钢管脚手架安全技术规范》（JGJ130），工程项目部专职安全生产管理人员对落地式扣件钢管脚手架的扣件安装进行了专项检查。下列检查记录中，符合安全要求的是（ ）。,A.杆件端头伸出扣件盖板边缘的长度为50㎜|B.对接扣件开口方向朝外|C.扣件螺栓拧紧扭力矩为45N·m|D.横向水平杆的直角扣件中心点距主节点的距离为300㎜,C,本题主要考查的是扣件式钢管脚手架的搭设要求。属于高频考点。根据《建筑施工扣件式钢管脚手架安全技术规范》（JGJ130），7.3.11扣件安装应符合下列规定：（1）扣件规格应与钢管外径相同；C符合，（2）螺栓拧紧扭力矩不应小于40N·m，且不应大于65N·m；D不符合，错在“距离为300mm，超过了150mm的要求”。（3）在主节点处固定横向水平杆、纵向水平杆、剪刀撑、横向斜撑等用的直角扣件、旋转扣件的中心点的相互距离不应大于150㎜；B不符合，错在“开口朝外，应该朝内”。（4）对接扣件开口应朝上或朝内；A不符合，错在“长度50mm，不满足100mm以上的要求”。（5）各杆件端头伸出扣件盖板边缘的长度不应小于100㎜。故选C。
单选题,"[2019年][河南中安]一、单选题
14
标记
收藏
施工单位选用双轴对称截面的型钢搭设悬挑脚手架，悬挑钢梁固定段的长度为2.50m，悬挑钢梁悬挑段的长度最大为（ ）。",A.2.00m|B.2.25m|C.2.50m|D.2.75m,A,本题主要考查的是悬挑梁固定端和悬挑段的长度要求。属于高频考点。做题思路：固：悬≥1.25。A正确，根据《建筑施工扣件式钢管脚手架安全技术规范》（JGJ130），6.10.5悬挑钢梁悬挑长度应按设计确定，固定段长度不应小于悬挑段长度的1.25倍。现已知固定段长度为2.5m，则悬挑段长度最大为2m。故选A。
单选题,[2019年][河南中安]某城市地铁工程在区间暗挖施工时，需采取有效的安全技术措施。关于结构开挖初期支护安全技术的下列做法中，正确的是（ ）。,A.先开挖后护顶|B.严格控制每循环进尺|C.开挖成型静置稳定后进行初期支护|D.特殊地段加大钢格栅的间距,B,本题主要考查的是暗挖施工的初期支护。做题思路：和盾构法做好区分。A错误，错在“先挖后顶”。坚持先护顶后开挖的原则施工；B正确，采用合理的开挖方式。严格控制每循环进尺；C错误，错在“开挖后未及时初期支护”。开挖成型后及时进行初期支护，尽早施作仰拱封闭成环；D错误，错在“加大间距，应该是减小”。对特殊地段缩小钢格栅的间距。随时注意观察工作面的情况，发现地质情况变化，及时采取相应处理措施。加强监测，及时对数据进行分析，发现异常情况立即上报，并采取相应防治措施。故选B。
单选题,[2019年][河南中安]某工程施工期间，施工单位在施工现场显著位置对危险性较大的分部分项工程进行公告。下列分部分项工程中，属于超过一定规模的危险性较大的分部分项工程的是（ ）。,A.施工高度40m的建筑幕墙安装工程|B.跨度30m的网架和索膜结构安装工程|C.开挖深度18m的人工挖孔桩工程|D.提升高度90m的附着式升降脚手架工程,C,本题主要考查的是超危大工程的判定。属于高频考点。做题思路：和危大工程做好区分。超过一定规模的危险性较大的分部分项工程：A不属于，错在“40m的幕墙”。施工高度50m及以上的建筑幕墙安装工程；B不属于，错在“30m的跨度”。跨度大于36m及以上的钢结构安装工程；跨度大于60m及以上的网架和索膜结构安装工程；C属于，开挖深度超过16m的人工挖孔桩工程；D不属于，错在“90m的附着式升降脚手架”。提升高度在150m及以上的附着式升降脚手架工程或附着式升降操作平台工程。故选C。
单选题,[2019年][河南中安]施工单位在进行地下消防水池防水作业时，相关人员应遵守有限空间作业的安全要求。关于有限空间安全作业的说法，错误的是（ ）。,A.作业负责人发现有限空间作业不符合安全要求时应终止作业|B.监护人员在确认有限空间内的空气符合要求后方可离开作业现场|C.作业人员应正确使用有限空间作业的安全设施与个人防护用品|D.应急救援人员应掌握有限空间事故处置程序，严禁盲目施救,B,本题主要考查的是有限空间作业的要求。属于高频考点。做题思路：有作业方案，有作业票，有教育培训和交底、监护人全程监护、应急预案、先通风，再检测，后作业。A正确，（1）作业负责人应了解整个作业过程中存在的危险危害因素；确认作业环境、作业程序、防护设施、作业人员符合要求后，授权批准作业；及时掌握作业过程中可能发生的条件变化，当有限空间作业条件不符合安全要求时，终止作业；B错误，错在“监护人员离开了现场”。（2）监护人员应接受有限空间作业安全生产培训；全过程掌握作业人员作业期间情况，保证在有限空间外持续监护，能够与作业人员进行有效的操作作业、报警、撤离等信息沟通；在紧急情况时向作业人员发出撤离警告，必要时立即呼叫应急救援服务，并在有限空间外实施紧急救援工作；防止未经授权的人员进入；C正确，（3）作业人员应接受有限空间作业安全生产培训；遵守有限空间作业安全操作规程，正确使用有限空间作业安全设施与个人防护用品；应与监护人员进行有效的操作作业、报警、撤离等信息沟通；D正确，（4）生产经营单位应制定有限空间作业应急救援预案，明确救援人员及职责，落实救援设备器材，掌握事故处置程序，提高对突发事件的应急处置能力。有限空间发生事故时，监护人员应及时报警，救援人员应做好自身防护，配备必要的呼吸器具、救援器材，严禁盲目施救，导致事故扩大。故选B。
单选题,[2019年][河南中安]施工单位在组织施工现场高处坠落事故应急演练活动前，编制了《髙处坠落事故应急演练工作方案》。根据《生产安全事故应急演练指南》（AQ/T9007），不属于应急演练工作方案内容的是（ ）。,A.建筑施工现场高处坠落事故情景设计|B.参加演练单位和人员主要任务及职责|C.应急演练中止条件和程序|D.应急演练技术支撑及保障条件,C,本题主要考查的是应急演练工作方案内容。属于高频考点。C不属于，应急演练工作方案内容主要包括：应急演练目的及要求、应急演练事故情景设计、应急演练参与人员及范围，时间与地点、参演单位和人员主要任务及职责、应急演练筹备工作内容、应急演练主要步骤、应急演练技术支撑及保障条件、应急演练评估与总结。故选C。
单选题,[2019年][河南中安]根据《生产安全事故报告和调查处理条例》（国务院令第493号），丁向属地应急管理部门、住房和城乡建设行政主管部门报告的时间最晚不迟于当日（ ）。,A.14:00|B.14:15|C.15:00|D.15:15 E 16:15,B,本题主要考查的是事故上报的时间，属于高频考点。做题思路：民报官1小时，官报官2小时。B正确，根据《生产安全事故报告和调查处理条例》，第九条：事故发生后，事故现场有关人员应当立即向本单位负责人报告；单位负责人接到报告后，应当于1小时内向事故发生地县级以上人民政府安全生产监督管理部门和负有安全生产监督管理职责的有关部门报告。丁于13:15接到事故报告，故丁向属地应急管理部门、住房和城乡建设行政主管部门报告的时间最晚不迟于当日14:15。故选B。
单选题,[2019年][河南中安]根据《建筑施工企业安全生产管理机构设置及专职安全生产管理人员配备办法》（建质[2008]91号），该施工单位应设置安全生产管理机构，配备专职安全生产管理人员至少应为（ ）。,A.3人|B.4人|C.5人|D.6人 E 7人,D,本题主要考查的是施工单位安全员的配备数量。做题思路：和项目配备安全员的要求不同，总包：特6一4二3，承包：一3二2，劳务：2。D正确，根据《建筑施工企业安全生产管理机构设置及专职安全生产管理人员配备办法》（建质[2008]91号），第八条：建筑施工企业安全生产管理机构专职安全生产管理人员的配备应满足下列要求，并应根据企业经营规模、设备管理和生产需要予以增加：（一）建筑施工总承包资质序列企业：特级资质不少于6人；一级资质不少于4人；二级和二级以下资质企业不少于3人。（二）建筑施工专业承包资质序列企业：一级资质不少于3人；二级和二级以下资质企业不少于2人。（三）建筑施工劳务分包资质序列企业：不少于2人。（四）建筑施工企业的分公司、区域公司等较大的分支机构（以下简称分支机构）应依据实际生产情况配备不少于2人的专职安全生产管理人员。根据材料该施工单位具有房屋建筑工程施工总承包特级资质，该单位专职安全生产管理人员不少于6人。故选D。
多选题,[2019年][河南中安]工程项目部在组织装配式建筑混凝土预制构件安装施工时，下列现场安全管理的做法中，正确的有（ ）。,A.项目技术负责人向现场管理人员进行方案交底|B.在施工现场显著位置公告危险性较大的分部分项工程名称、施工时间和责任人员|C.工程项目部对预制构件安装作业人员进行登记|D.项目负责人在施工现场带班对危险性较大的分部分项工程进行检查 E 项目专职安全生产管理人员组织模板支撑体系验收,ABC,本题主要考查的是装配式结构现场安全管理的要求。根据《危险性较大的分部分项工程安全管理规定》，B正确，第十四条：施工单位应当在施工现场显著位置公告危大工程名称、施工时间和具体责任人员，并在危险区域设置安全警示标志；A正确，第十五条：专项施工方案实施前，编制人员或者项目技术负责人应当向施工现场管理人员进行方案交底。施工现场管理人员应当向作业人员进行安全技术交底，并由双方和项目专职安全生产管理人员共同签字确认；C正确，第十七条：施工单位应当对危大工程施工作业人员进行登记，项目负责人应当在施工现场履职；E错误，错在“安全生产管理人员组织”。第二十一条：对于按照规定需要验收的危大工程，施工单位、监理单位应当组织相关人员进行验收。验收合格的，经施工单位项目技术负责人及总监理工程师签字确认后，方可进入下一道工序；D说法不严谨，不建议选，依据《建筑施工企业负责人及项目负责人施工现场带班暂行办法》第四条：施工现场带班包括企业负责人带班检查和项目负责人带班生产。企业负责人带班检查是指由建筑施工企业负责人带队实施对工程项目质量安全生产状况及项目负责人带班生产情况的检查。项目负责人带班生产是指项目负责人在施工现场组织协调工程项目的质量安全生产活动。故选ABC。
多选题,[2019年][河南中安]根据《建筑施工安全检査标准》（JGJ59），甲检查时发现落地式扣件钢管脚手架存在的5项安全隐患中，属于落地式扣件钢管脚手架检查评定保证项目的有（ ）。,A.架体未设供人员上下的专用斜道|B.作业面脚手板下方未采用安全平网兜底|C.作业层外侧设置高度150㎜的挡脚板|D.搭设完毕未办理验收手续 E 落地式扣件钢管脚手架未编制专项施工方案,CD,本题主要考查的是落地式扣件钢管脚手架的保证项目。属于超纲内容。CDE属于，根据《建筑施工安全检査标准》（JGJ59），扣件式钢管脚手架检查评定保证项目应包括：施工方案、立杆基础、架体与建筑结构拉结、杆件间距与剪刀撑、脚手板与防护栏杆、交底与验收。一般项目应包括：横向水平杆设置、杆件连接、层间防护、构配件材质、通道。故选CDE。
多选题,[2019年][河南中安]根据《危险性较大分部分项工程安全管理规定》（住房和城乡建设部令第37号），施工现场危险性较大的分部分项工程在施工前需编制专项施工方案。下列危险性较大的分部分项工程专项施工方案管理的做法中，正确的有（ ）。,A.混凝土模板支撑体系专项施工方案论证不通过，施工单位修改后重新组织了专家论证|B.编制悬挑式操作平台专项施工方案，方案有设计计算和针对性的措施|C.施工升降机产权单位组织编制施工升降机安装方案，经工程项目部审核后实施|D.基坑降水工程专项施工方案由施工单位技术负责人审核签字、总监理工程师审查签字，并加盖双方单位公章 E 落地式扣件钢管脚手架专项施工方案中，施工计划包括施工进度计划、材料与设备计划,AB,本题主要考查的是危大工程专项方案的管理。属于高频考点。A正确，根据《危险性较大分部分项工程安全管理规定》，第十三条：专家论证会后，应当形成论证报告，对专项施工方案提出通过、修改后通过或者不通过的一致意见。专家对论证报告负责并签字确认。专项施工方案经论证不通过的，施工单位修改后应当按照本规定的要求重新组织专家论证；CD错误，错在“方案的审核、审批责任主体错误”。第十一条：专项施工方案应当由施工单位技术负责人审核签字、加盖单位公章，并由总监理工程师审查签字、加盖执业印章后方可实施；B正确，根据《建筑施工扣件式钢管脚手架安全技术规范》（JGJ130），悬挑式脚手架施工前应编制专项施工方案，必须有施工图和设计计算书，且符合安全技术条件，审批手续齐全；E正确，专项施工方案编制内容包括：项目概况、编制依据、施工计划、施工工艺技术、施工安全保证措施、施工管理及作业人员配备和分工、验收要求、应急处置措施、计算书及相关图纸。其中施工计划包括施工进度计划、材料与设备计划。故选ABE。
单选题,[2020年][河南中安]某施工总承包单位承建学校建设工程，总建筑面积53125m2，包括教学楼、宿舍楼、体育馆及配套附属设施四项单体工程。在体育馆单体工程施工前，施工总承包单位应首先编制（ ）。,A.临时用电组织设计|B.单位工程施工组织设计|C.专项施工方案|D.安全技术措施,B,本题主要考查的是单位工程的判断。做题思路：施工组织总设计、单位工程、分部分项工程。学校是施工组织总设计、各个楼是单位工程。施工组织设计是施工单位在施工前，根据工程概况、施工工期、场地环境以及机械设备、施工机具和变配电设施等配备计划，拟定工程施工程序、施工流向、施工顺序、施工进度、施工方法、施工人员、技术措施（包括质量、安全）、材料供应，对运输道路、设备设施和水电能源等现场设施的布置和建设作出规划。体育馆单体工程是在群体工程项目中的单位（子单位）工程，在施工前应编制单位工程施工组织设计。故选B。
单选题,[2020年][河南中安]塔式起重机安全管理是建筑施工现场安全管理的重要内容。关于塔式起重机安全管理的说法，正确的是（ ）。,A.塔式起重机可以和其他用电设备共用一台开关箱|B.塔式起重机的使用单位应当对使用中的吊具、索具进行定期检验|C.塔式起重机按照专项施工方案完成顶升、附着后，即可投入使用|D.塔式起重机停止作业时应收起吊钩，将起重臂锁死切断电源,B,本题主要考查的是塔吊的安全管理。属于高频考点。做题思路：塔吊也属于单独的用电设备，但属于特种设备，需要定期检验，需要验收和第三方检测。A错误，错在“共用一台开关型”。施工现场开关箱实行“一机一闸”，一台开关箱只能连接一台设备；C错误，错在“缺少验收就投入使用”。塔式起重机按照专项施工方案完成顶升、附着后，应在验收合格和进行使用登记后，才能投入使用；D错误，错在“锁死起重臂。断电后不得锁大臂”。塔式起重机停止作业时，应松开回转制动器使得回转部分可以自由旋转，起重臂可以随风转动。故选B。
单选题,[2020年][河南中安]施工升降机是施工现场常用的垂直运输设备。在下列使用情形中，有误的是（ ）。,A.定期对施工升降机进行坠落试验|B.每天作业前检查齿轮与齿条啮合是否正常|C.在最高层站的停靠处，使用上限位装置停机|D.每天作业结束后，将两个吊笼停放到底层并切断电源,C,本题主要考查的是施工升降机的安全使用。做题思路：施工升降机属于特种设备，需要定期检验，正常作业时不得利用安全装置停机。A正确，根据《建筑机械使用安全技术规程》（JGJ33-2012），4.9.9施工升降机使用前，应进行坠落试验。施工升降机在使用中每隔3个月，应进行一次额定载重量的坠落试验；B正确，4.9.10作业前应重点检查下列项目，并应符合相应要求：（1）结构不得有变形，连接螺栓不得松动；（2）齿条与齿轮、导向轮与导轨应接合正常；C错误，错在“利用限位装置停机，”。4.9.17施工升降机运行到最上层或最下层时，不得用行程限位开关作为停止运行的控制开关；D正确，4.9.20作业后，应将吊笼降到底层，各控制开关拨到零位，断电源，锁好开关箱，闭锁吊笼门和围护门。故选C。
单选题,[2020年][河南中安]某工程在装修阶段选用了ZLP630型高处作业吊篮，吊篮安装完成后，施工单位按规定组织验收。下列高处作业吊篮安装的做法中，错误的是（ ）。,A.悬挂机构前支架支撑在女儿墙上，安放平稳|B.悬挂机构前支架与支撑面保持垂直，脚轮不受力|C.配重件稳定可靠地安放在配重架上，并有防止随意移动的措施|D.安全钢丝绳、工作钢丝绳分别独立悬挂，无松散、断股、打结,A,本题主要考查的是吊篮的安装安全管理。做题思路：吊篮装置要独立，不得利用女儿墙。前后均需要牢固。各钢丝绳独立，且符合使用要求。A错误，错在“支撑架放在女儿墙上”。根据《建筑施工工具式脚手架安全技术规范》（JGJ202-2010），5.4.7悬挂机构前支架严禁支撑在女儿墙上、女儿墙外或建筑物挑檐边缘；C正确，4.10配重件应稳定可靠地安放在配重架上，并应有防止随意移动的措施。严禁使用破损的配重件或其他替代物。配重件的重量应符合设计规定；B正确，4.13悬挂机构前支架应与支撑面保持垂直，脚轮不得受力；D正确，5.5.1高处作业吊篮应设置作业人员专用的挂设安全带的安全绳及安全锁扣。安全绳应固定在建筑物可靠位置上不得与吊篮上任何部位有连接，并应符合下列规定：（2）安全绳不得有松散、断股、打结现象。故选A。
单选题,[2020年][河南中安]根据《施工现场临时用电安全技术规范》（JGJ46），施工现场配电系统采用三级配电、二级漏电保护的TN-S接零保护系统。漏电保护器应分别装设在（ ）。,A.分配电箱和开关箱|B.总配电箱和开关箱|C.分配电箱和设备控制箱|D.总配电箱和分配电箱,B,本题主要考查的是二级漏电保护的漏保安装位置。属于高频考点。做题思路：总开。B正确，二级漏电保护系统是指在施工现场基本供配电系统的总配电箱和开关箱首末二级配电装置中，设置漏电保护器。故选B。
单选题,"[2020年][河南中安]一、单选题
6
标记
收藏
接地装置由埋入地下的接地体和连接用的接地线构成，接地体可分为自然和人工接地体两类。下列材料中，不能用作人工垂直接地体的是（ ）",A.圆钢|B.角钢|C.螺纹钢|D.钢管,C,本题主要考查的是人工接地体。答题思路：带肋钢筋、螺纹钢筋不得使用。C不能，人工接地体可以用垂直埋置的角钢、圆钢或钢管，以及水平埋置的圆钢、扁钢等。垂直接地体宜采用角钢、钢管或光面圆钢，不得采用螺纹钢。故选C。
单选题,[2020年][河南中安]某工程因变压器容量无法满足施工用电负载要求，施工现场需设置一台柴油发电机组补充供电。关于柴油发电机组设置的说法，正确的是（ ）。,A.发电机组电源中性点应直接接地|B.发电机组供电系统可不装设漏电保护电器|C.发电机组电源应与外电线路电源并列运行|D.配电室内存放贮油桶时，应配备灭火器,A,本题主要考查的是总配电箱的要求。答题思路：虽是外接发电机组，但需要按照总配电箱的要求进行管理。一条线路只能有一个电源在供电，所以发电机和变压器不能同时运行，二者需连锁。BC错误，B错在“不装设漏保，总配电箱需要装漏保”。C错在“并列运行，二者需要连锁，不能并列”。施工现场临时用电工程一般是由外电线路供电的。自备发配电系统也应采用具有专用保护零线的、中性点直接接地的三相四线制供配电系统，并符合以下规定：（1）发电机组电源必须与外电线路电源连锁，严禁并列运行；（2）发电机供电系统应设置电源隔离开关及短路、过载、漏电保护电器。电源隔离开关分断时应有明显可见分断点；（3）发电机组并列运行时，必须装设同期装置，并在机组同步运行后再向负载供电；D错误，错在“配电室存放贮油桶，这是严禁存放的”。根据《施工现场临时用电安全技术规范》（JGJ46-2005），6.2.2发电机组的排烟管道必须伸出室外。发电机组及其控制、配电室内必须配置可用于扑灭电气火灾的灭火器，严禁存放贮油桶。故选A。
单选题,"[2020年][河南中安]一、单选题
1
标记
收藏

某施工总承包单位承建学校建设工程，总建筑面积53125m2，包括教学楼、宿舍楼、体育馆及配套附属设施四项单体工程。在体育馆单体工程施工前，施工总承包单位应首先编制（ ）。",A.临时用电组织设计|B.单位工程施工组织设计|C.专项施工方案|D.安全技术措施|A.塔式起重机可以和其他用电设备共用一台开关箱|B.塔式起重机的使用单位应当对使用中的吊具、索具进行定期检验|C.塔式起重机按照专项施工方案完成顶升、附着后，即可投入使用|D.塔式起重机停止作业时应收起吊钩，将起重臂锁死切断电源|A.定期对施工升降机进行坠落试验|B.每天作业前检查齿轮与齿条啮合是否正常|C.在最高层站的停靠处，使用上限位装置停机|D.每天作业结束后，将两个吊笼停放到底层并切断电源|A.悬挂机构前支架支撑在女儿墙上，安放平稳|B.悬挂机构前支架与支撑面保持垂直，脚轮不受力|C.配重件稳定可靠地安放在配重架上，并有防止随意移动的措施|D.安全钢丝绳、工作钢丝绳分别独立悬挂，无松散、断股、打结|A.分配电箱和开关箱|B.总配电箱和开关箱|C.分配电箱和设备控制箱|D.总配电箱和分配电箱|A.圆钢|B.角钢|C.螺纹钢|D.钢管|A.发电机组电源中性点应直接接地|B.发电机组供电系统可不装设漏电保护电器|C.发电机组电源应与外电线路电源并列运行|D.配电室内存放贮油桶时，应配备灭火器|A.0.40m|B.0.50m|C.0.60m|D.0.70m|A.3m|B.4m|C.5m|D.6m|A.5.50KN/m2|B.6.50KN/m2|C.7.50KN/m2|D.8.50KN/m2|A.用安全平网单层兜底|B.用安全平网双层兜底|C.用密目式安全立网单层兜底|D.用密目式安全立网双层兜底|A.土石方机械、运输车辆行走坡道坡度为1∶5|B.采用钢板网喷射混凝土护坡，面层厚度为50㎜|C.基坑周边的施工用水应有排放系统，不得渗入土体内|D.基坑周边设立防护栏杆，且在危险处设置红色警示灯和悬挂警告标志|A.雨季施工期间，在坑顶、坑底采取有效的截排水措施|B.发生暴雨、台风等灾害天气后，及时对基坑安全进行现场检查|C.基坑周边原有建筑物设置监测点，安排专人负责监测|D.基坑支护结构构件强度达到设计要求的70%，开挖下层土方|A.40%|B.50%|C.70%|D.80%|A.拆除连墙件时，一次性拆除两层|B.划出拆除警戒区设专人看护后，上下同时进行拆除作业|C.按照“先内后外”的顺序拆除同层杆件和构件|D.按照“后装先拆、先装后拆”的原则，进行拆除作业|A.立杆的垂直偏差不应大于模板支架总高度的1%|B.搭设高度超过8m的模板支架时，水平杆步距不得大于1.8m|C.可调托座螺杆插入立杆内的长度不得小于150㎜|D.可调底座调节丝杆外露长度不得超过500㎜|A.坚持大流水步距，快速开挖|B.坚持先护顶后开挖的原则施工|C.开挖成型后需等待围岩应力重新分布完成，再进行初期支护|D.施作仰拱和封闭成环前需静置一段时间，确认无沉降后进行|A.施工单位组织了5名以上具有中级技术职称、专业经验丰富的专家进行论证|B.专家论证结论为“修改后通过”的，施工单位按照专家意见修改后实施|C.专家论证结论为“通过”的，施工单位参考专家意见自行修改完善后实施|D.专家论证的内容包括计算书、验算依据，是否符合规范标准，是否造价合理|A.一氧化碳极易与血红蛋白结合，使血红蛋白丧失携氧的能力和作用，造成组织窒息，严重时死亡|B.二氧化碳是无色剧毒气体，吸入高浓度二氧化碳会出现昏迷、四肢抽搐、大小便失禁，重者可窒息死亡|C.甲烷易燃，爆炸极限为5%～15%，与空气混合能形成爆炸性混合物，遇热源和明火有燃烧爆炸的危险|D.氧含量（体积百分比浓度）10%～12%时，人体产生的影响是呼吸加深加快，几乎丧失判断能力，嘴唇发紫|A.土方坍塌事故情景设计|B.应急演练效果评估总结|C.应急演练技术支撑及保障条件|D.参演单位和人员主要任务及职责|A.物体打击|B.爆炸|C.起重伤害|D.机械伤害 E 高处坠落|A.铲车|B.门式起重机|C.小型翻斗车|D.钢筋调直机 E 电焊机|A.本工种岗位安全操作规程|B.地铁施工现场的危害因素|C.个人防护用品的使用和维护|D.事故发生时现场紧急处置措施 E 工伤事故申报、索赔程序|A.吊运格栅钢架的钢丝绳卸扣（卡环）受力方向错误，碰撞后导致断裂|B.项目经理督促、检查安全生产工作不到位，未能及时消除安全生产事故隐患|C.工程项目部安全生产责任落实不到位，未对新入场工人进行安全教育培训|D.现场安全管理不到位，未及时发现和纠正班组长甲和工人乙的违章操作行为 E 甲无证操作门式起重机，且操作错误，导致格栅钢架与竖井楼梯护栏发生碰撞|A.建立安全生产责任制度|B.对施工现场进行监督检查|C.对违章指挥、违章操作立即制止|D.发现安全生产事故隐患及时报告 E 根据工程情况制定安全施工措施,D,本题主要考查的是电缆埋深。属于纯数字考点。电缆直接埋地敷设的深度不应小于0.7m，并应在电缆紧邻上、下、左、右侧均匀敷设不小于50㎜厚的细砂，然后覆盖砖或混凝土板等硬质保护层。故选D。
单选题,"[2020年][河南中安]一、单选题
1
标记
收藏

某施工总承包单位承建学校建设工程，总建筑面积53125m2，包括教学楼、宿舍楼、体育馆及配套附属设施四项单体工程。在体育馆单体工程施工前，施工总承包单位应首先编制（ ）。",A.临时用电组织设计|B.单位工程施工组织设计|C.专项施工方案|D.安全技术措施|A.塔式起重机可以和其他用电设备共用一台开关箱|B.塔式起重机的使用单位应当对使用中的吊具、索具进行定期检验|C.塔式起重机按照专项施工方案完成顶升、附着后，即可投入使用|D.塔式起重机停止作业时应收起吊钩，将起重臂锁死切断电源|A.定期对施工升降机进行坠落试验|B.每天作业前检查齿轮与齿条啮合是否正常|C.在最高层站的停靠处，使用上限位装置停机|D.每天作业结束后，将两个吊笼停放到底层并切断电源|A.悬挂机构前支架支撑在女儿墙上，安放平稳|B.悬挂机构前支架与支撑面保持垂直，脚轮不受力|C.配重件稳定可靠地安放在配重架上，并有防止随意移动的措施|D.安全钢丝绳、工作钢丝绳分别独立悬挂，无松散、断股、打结|A.分配电箱和开关箱|B.总配电箱和开关箱|C.分配电箱和设备控制箱|D.总配电箱和分配电箱|A.圆钢|B.角钢|C.螺纹钢|D.钢管|A.发电机组电源中性点应直接接地|B.发电机组供电系统可不装设漏电保护电器|C.发电机组电源应与外电线路电源并列运行|D.配电室内存放贮油桶时，应配备灭火器|A.0.40m|B.0.50m|C.0.60m|D.0.70m|A.3m|B.4m|C.5m|D.6m|A.5.50KN/m2|B.6.50KN/m2|C.7.50KN/m2|D.8.50KN/m2|A.用安全平网单层兜底|B.用安全平网双层兜底|C.用密目式安全立网单层兜底|D.用密目式安全立网双层兜底|A.土石方机械、运输车辆行走坡道坡度为1∶5|B.采用钢板网喷射混凝土护坡，面层厚度为50㎜|C.基坑周边的施工用水应有排放系统，不得渗入土体内|D.基坑周边设立防护栏杆，且在危险处设置红色警示灯和悬挂警告标志|A.雨季施工期间，在坑顶、坑底采取有效的截排水措施|B.发生暴雨、台风等灾害天气后，及时对基坑安全进行现场检查|C.基坑周边原有建筑物设置监测点，安排专人负责监测|D.基坑支护结构构件强度达到设计要求的70%，开挖下层土方|A.40%|B.50%|C.70%|D.80%|A.拆除连墙件时，一次性拆除两层|B.划出拆除警戒区设专人看护后，上下同时进行拆除作业|C.按照“先内后外”的顺序拆除同层杆件和构件|D.按照“后装先拆、先装后拆”的原则，进行拆除作业|A.立杆的垂直偏差不应大于模板支架总高度的1%|B.搭设高度超过8m的模板支架时，水平杆步距不得大于1.8m|C.可调托座螺杆插入立杆内的长度不得小于150㎜|D.可调底座调节丝杆外露长度不得超过500㎜|A.坚持大流水步距，快速开挖|B.坚持先护顶后开挖的原则施工|C.开挖成型后需等待围岩应力重新分布完成，再进行初期支护|D.施作仰拱和封闭成环前需静置一段时间，确认无沉降后进行|A.施工单位组织了5名以上具有中级技术职称、专业经验丰富的专家进行论证|B.专家论证结论为“修改后通过”的，施工单位按照专家意见修改后实施|C.专家论证结论为“通过”的，施工单位参考专家意见自行修改完善后实施|D.专家论证的内容包括计算书、验算依据，是否符合规范标准，是否造价合理|A.一氧化碳极易与血红蛋白结合，使血红蛋白丧失携氧的能力和作用，造成组织窒息，严重时死亡|B.二氧化碳是无色剧毒气体，吸入高浓度二氧化碳会出现昏迷、四肢抽搐、大小便失禁，重者可窒息死亡|C.甲烷易燃，爆炸极限为5%～15%，与空气混合能形成爆炸性混合物，遇热源和明火有燃烧爆炸的危险|D.氧含量（体积百分比浓度）10%～12%时，人体产生的影响是呼吸加深加快，几乎丧失判断能力，嘴唇发紫|A.土方坍塌事故情景设计|B.应急演练效果评估总结|C.应急演练技术支撑及保障条件|D.参演单位和人员主要任务及职责|A.物体打击|B.爆炸|C.起重伤害|D.机械伤害 E 高处坠落|A.铲车|B.门式起重机|C.小型翻斗车|D.钢筋调直机 E 电焊机|A.本工种岗位安全操作规程|B.地铁施工现场的危害因素|C.个人防护用品的使用和维护|D.事故发生时现场紧急处置措施 E 工伤事故申报、索赔程序|A.吊运格栅钢架的钢丝绳卸扣（卡环）受力方向错误，碰撞后导致断裂|B.项目经理督促、检查安全生产工作不到位，未能及时消除安全生产事故隐患|C.工程项目部安全生产责任落实不到位，未对新入场工人进行安全教育培训|D.现场安全管理不到位，未及时发现和纠正班组长甲和工人乙的违章操作行为 E 甲无证操作门式起重机，且操作错误，导致格栅钢架与竖井楼梯护栏发生碰撞|A.建立安全生产责任制度|B.对施工现场进行监督检查|C.对违章指挥、违章操作立即制止|D.发现安全生产事故隐患及时报告 E 根据工程情况制定安全施工措施,C,本题主要考查的是高处作业坠落半径。属于高频考点。做题思路：2-5-15-30对应3/4/5/6。C正确，根据《建筑施工高处作业安全技术规范》（JGJ80-2016），交叉作业时，下层作业位置应处于上层作业的坠落半径之外，高空作业坠落半径应按下表确定。故选C。
单选题,[2020年][河南中安]悬挑式操作平台是施工现场物料转运的一种常用设施。根据《建筑施工高处作业安全技术规范》（JGJ80），悬挑式操作平台的均布荷载最大为（ ）。,A.5.50KN/m2|B.6.50KN/m2|C.7.50KN/m2|D.8.50KN/m2,A,本题主要考查的是悬挑式操作平台的均布荷载。属于纯数字的考查。A正确，根据《建筑施工高处作业安全技术规范》（JGJ80-2016），6.4.2悬挑式操作平台悬挑长度不宜大于5m，均布载荷不应大于5.5KN/m2，集中荷载不应大于15KN，悬挑梁应锚固固定。故选A。
单选题,[2020年][河南中安]脚手架作业层脚手板应铺满、铺稳、铺实，并使用安全网兜底。下列安全网兜底的做法中，正确的是（ ）。,A.用安全平网单层兜底|B.用安全平网双层兜底|C.用密目式安全立网单层兜底|D.用密目式安全立网双层兜底,B,本题主要考查的是安全网兜底的做法。做题思路：双层平网兜，交叉立网防。B正确，根据《建筑施工扣件式钢管脚手架安全技术规范》（JGJ130-2011），9.0.11脚手板应铺设牢靠、严实，并应用安全网双层兜底。施工层以下每隔10m应用安全网封闭。故选B。
单选题,[2020年][河南中安]某住宅工程基坑开挖深度6m，工程项目部在施工前编制了专项施工方案。下列专项施工方案的内容中，错误的是（ ）。,A.土石方机械、运输车辆行走坡道坡度为1∶5|B.采用钢板网喷射混凝土护坡，面层厚度为50㎜|C.基坑周边的施工用水应有排放系统，不得渗入土体内|D.基坑周边设立防护栏杆，且在危险处设置红色警示灯和悬挂警告标志,A,本题主要考查的是基坑开挖专项施工方案。属于高频考点。A错误，错在“坡度大于1:7的要求”。挖土机械、运输车辆等直接进入基坑进行施工作业，应采取保证坡道稳定的措施，坡道坡度不宜大于1:7；B正确，根据《建筑深基坑工程施工安全技术规范》（JGJ311-2013），8.2.1放坡开挖的基坑，边坡表面护坡应符合下列规定：坡面可采用钢丝网水泥砂浆或现浇钢筋混凝土覆盖，现浇混凝土可采用钢板网喷射混凝土，护坡面层的厚度不应小于50㎜、混凝土强度等级不宜低于C20，配筋应根据计算确定，混凝土面层应采用短土钉固定；C正确，根据《建筑基坑支护技术规程》（JGJ120-2012），8.1.6基坑开挖和支护结构使用期内，应按下列要求对基坑进行维护：（3）基坑周边的施工用水应有排放措施，不得渗入土体内；D正确，开挖深度超过2m的，必须在沿基坑边设立防护栏杆且在危险处设置红色警示灯，防护栏杆周围悬挂“禁止翻越”“当心坠落”等禁止、警告标志。故选A。
单选题,[2020年][河南中安]某住宅小区工程、采用预应力锚杆复合土钉墙支护结构，在雨季施工阶段，基坑坍塌事故风险增大。下列保证基坑安全的做法中，错误的是（ ）。,A.雨季施工期间，在坑顶、坑底采取有效的截排水措施|B.发生暴雨、台风等灾害天气后，及时对基坑安全进行现场检查|C.基坑周边原有建筑物设置监测点，安排专人负责监测|D.基坑支护结构构件强度达到设计要求的70%，开挖下层土方,D,本题主要考查的是基坑安全的要求。属于高频考点。答题思路：基坑怕水，需要监测，下层开挖需要等上层的强度达到设计要求。A正确，根据《建筑基坑支护技术规程》（JGJ120-2012），8.1.6基坑开挖和支护结构使用期内，应按下列要求对基坑进行维护：雨期施工时，应在坑顶、坑底采取有效的截排水措施；对地势低洼的基坑，应考虑周边汇水区域地面径流向基坑汇水的影响；排水沟、集水井应采取防渗措施；C正确，8.2.3支挡式结构顶部水平位移监测点的间距不宜大于20m，土钉墙、重力式挡墙顶部水平位移监测点的间距不宜大于15m，且基坑各边的监测点不应少于3个。基坑周边有建筑物的部位、基坑各边中部及地质条件较差的部位应设置监测点；B正确，根据《建筑深基坑工程施工安全技术规范》（JGJ311-2013），11.1.4基坑使用中应针对暴雨、冰雹、台风等灾害天气，及时对基坑安全进行现场检查；D错误，错在“强度未达到设计要求就开挖下层土体”。当支护结构构件强度达到开挖阶段的设计强度时，方可向下开挖；对采用预应力锚杆的支护结构，应在施加预加力后，方可开挖下层土方；对土钉墙，应在土钉、喷射混凝土面层的养护时间大于2天后，方可开挖下层土方。故选D。
单选题,"[2020年][河南中安]根据《建设施工碗扣式钢管脚手架安全技术规范》（JGJ166），工程项目部技术员对碗扣式模板支撑体系立杆顶端可调托撑伸出顶层水平杆的悬臂长度，选取10个点进行抽测，抽测结果如下表所示：

本次抽测悬臂长度的合格率是（ ）。",A.40%|B.50%|C.70%|D.80%,C,本题主要考查的是碗扣式模板支撑架的安全技术要求。属于超纲知识点。根据《建筑施工碗扣式钢管脚手架安全技术规范》（JGJ166），6.3.3立杆顶端可调托撑伸出顶层水平杆的悬臂长度不应超过650㎜。题干中选取的10个抽测点中有3个不符合规范要求，因此本次抽测悬臂长度的合格率是70%。故选C。
单选题,[2020年][河南中安]某房屋建筑工程主体结构封顶后，需对扣件式钢管双排脚手架进行拆除。下列脚手架拆除作业的做法中，正确的是（ ）。,A.拆除连墙件时，一次性拆除两层|B.划出拆除警戒区设专人看护后，上下同时进行拆除作业|C.按照“先内后外”的顺序拆除同层杆件和构件|D.按照“后装先拆、先装后拆”的原则，进行拆除作业,D,本题主要考查的是脚手架拆除的要求。属于高频考点。做题思路：先支的后拆、后支的先拆，先拆非承重的，再拆承重的。严禁上下垂直交叉作业。B错误，错在“上下同时拆除”（1）架体的拆除应从上而下逐层进行，严禁上下同时作业；C错误，错在“先内后外，应是先外后内”。（2）同层杆件和构配件必须按先外后内的顺序拆除；剪刀撑、斜撑杆等加固杆件必须在拆卸至该杆件所在部位时再拆除；A错误，错在“连墙件应逐层拆”。（3）作业脚手架连墙件必须随架体逐层拆除，严禁先将连墙件整层或数层拆除后再拆架体。拆除作业过程中，当架体的自由端高度超过2个步距时，必须采取临时拉结措施；（4）脚手架的拆除作业不得重锤击打、撬别。拆除的杆件、构配件应采用机械或人工运至地面，严禁抛掷。故选D。
单选题,[2020年][河南中安]某房屋建筑工程采用承插型盘扣式脚手架搭设模板支撑体系。关于支架构造及安装的说法，正确的是（ ）。,A.立杆的垂直偏差不应大于模板支架总高度的1%|B.搭设高度超过8m的模板支架时，水平杆步距不得大于1.8m|C.可调托座螺杆插入立杆内的长度不得小于150㎜|D.可调底座调节丝杆外露长度不得超过500㎜,C,本题主要考查的是承插型盘扣式模板支撑架的安全技术要求。属于高频考点。根据《建筑施工承插型盘扣式钢管支架安全技术规范》（JGJ231-2010），B错误，错在“水平杆步距超过了1m”。6.1.3当搭设高度超过8m的模板支架时，竖向斜杆应满布设置，水平杆的步距不得大于1m，沿高度每隔4～6个标准步距应设置水平层斜杆或扣件钢管剪刀撑；C正确，6.1.5模板支架立杆可调托座的伸出顶层水平杆的悬臂长度，严禁超过650㎜，可调托座插入立杆长度不得小于150㎜；D错误，错在“外露长度超过300mm”。6.1.7模板支架可调底座调节丝杆外露长度不应大于300㎜，作为扫地杆的最底层水平杆离地高度不应大于550㎜；A错误，错在“垂直度偏差为1%，超过0.2%”。7.4.6每搭完一步支模架后，应及时校正水平杆步距，立杆的纵、横距，立杆的垂直偏差和水平杆的水平偏差。立杆的垂直偏差不应大于模板支架总高度的1/500，且不得大于50㎜。故选C。
单选题,[2020年][河南中安]某城市轨道交通隧道工程，采用暗挖法施工。下列隧道结构开挖和初期支护施工采取的安全技术措施中，正确的是（ ）。,A.坚持大流水步距，快速开挖|B.坚持先护顶后开挖的原则施工|C.开挖成型后需等待围岩应力重新分布完成，再进行初期支护|D.施作仰拱和封闭成环前需静置一段时间，确认无沉降后进行,B,本题主要考查的是暗挖法施工的安全技术措施。做题思路：先撑后挖。A错误，错在“大步距、快速开挖”。坚持先护顶后开挖的原则施工。严格控制每循环进尺；C错误，错在“初期支护要趁早”。开挖成型后及时进行初期支护；D错误，错在“仰拱和封闭需尽快进行”。尽早施作仰拱封闭成环。对特殊地段缩小钢格栅的间距，随时注意观察工作面的情况，发现地质情况变化，及时采取相应处理措施。加强监测，及时对数据进行分析，发现异常情况立即上报，并采取相应防治措施。故选B。
单选题,[2020年][河南中安]某在建体育场工程，准备进行跨度40m的钢结构屋顶安装，施工单位编制了钢结构安装工程专项施工方案，组织了专家论证。下列做法中，正确的是（ ）。,A.施工单位组织了5名以上具有中级技术职称、专业经验丰富的专家进行论证|B.专家论证结论为“修改后通过”的，施工单位按照专家意见修改后实施|C.专家论证结论为“通过”的，施工单位参考专家意见自行修改完善后实施|D.专家论证的内容包括计算书、验算依据，是否符合规范标准，是否造价合理,C,本题主要考查的是专家论证的相关内容。属于高频考点。A错误，错在“中级职称，应是高级”。根据“住房城乡建设部办公厅关于实施《危险性较大的分部分项工程安全管理规定》有关问题的通知”第八条：关于专家条件：设区的市级以上地方人民政府住房城乡建设主管部门建立的专家库专家应当具备以下基本条件：（1）诚实守信、作风正派、学术严谨；（2）从事相关专业工作15年以上或具有丰富的专业经验；（3）具有高级专业技术职称；B错误，错在“修改后实施，应告知专家”第五条：关于专项施工方案修改：超过一定规模的危大工程专项施工方案经专家论证后结论为“通过”的，施工单位可参考专家意见自行修改完善；结论为“修改后通过”的，专家意见要明确具体修改内容，施工单位应当按照专家意见进行修改，并履行有关审核和审查手续后方可实施，修改情况应及时告知专家；D错误，错在“不需要对造价进行论证”。第四条：专家论证的主要内容：（1）专项方案内容是否完整、可行；（2）专项方案计算书和验算依据是否符合有关标准规范；（3）安全施工的基本条件是否满足现场实际情况。故选C。
单选题,[2020年][河南中安]有限空间由于自然通风不良，存在氧含量不足、有毒有害和易燃易爆气体积聚等危险有害因素。关于有限空间危险有害因素及其危害的说法，错误的是（ ）。,A.一氧化碳极易与血红蛋白结合，使血红蛋白丧失携氧的能力和作用，造成组织窒息，严重时死亡|B.二氧化碳是无色剧毒气体，吸入高浓度二氧化碳会出现昏迷、四肢抽搐、大小便失禁，重者可窒息死亡|C.甲烷易燃，爆炸极限为5%～15%，与空气混合能形成爆炸性混合物，遇热源和明火有燃烧爆炸的危险|D.氧含量（体积百分比浓度）10%～12%时，人体产生的影响是呼吸加深加快，几乎丧失判断能力，嘴唇发紫,B,本题主要考查的是有毒有害物质对人体的伤害。属于高频考点。做题思路：一氧化碳、硫化氢有毒、易燃。二氧化碳可使人窒息，甲烷可燃可爆。氧含量最低19.5%。A正确，（1）一氧化碳极易与血红蛋白结合，形成碳氧血红蛋白，使血红蛋白丧失携氧的能力和作用，造成组织窒息，严重时死亡。一氧化碳对全身的组织细胞均有毒性作用，尤其对大脑皮质的影响最为严重；B错误，错在“二氧化碳剧毒，二氧化碳无毒”（2）二氧化碳为无色气体，高浓度时略带酸味，比空气重，溶于水、烃类等多数有机溶剂。若遇高热、容器内压增大，有开裂和爆炸的危险。二氧化碳本身没有毒性。在有限空间吸入高浓度二氧化碳时，因人体内组织缺氧，会出现昏迷、四肢抽搐、大小便失禁，以及头痛、恶心呕吐等表现，轻者有头痛、头昏、无力等不适症状，重者可窒息死亡；C正确，（3）甲烷为无色、无味的气体，比空气轻，溶于乙醇、乙醚、微溶于水。甲烷易燃，爆炸极限为5%〜15%，与空气混合能形成爆炸性混合物，遇热源和明火有燃烧爆炸的危险，造成人员伤亡；D正确，（4）氧含量故选B。
单选题,[2020年][河南中安]施工总承包单位组织土方坍塌应急演练活动前，编制了《土方坍塌应急演练工作方案》。根据《生产安全事故应急演练指南》（AQ/T9007），下列编制项目中，不属于应急演练工作方案内容的是（ ）。,A.土方坍塌事故情景设计|B.应急演练效果评估总结|C.应急演练技术支撑及保障条件|D.参演单位和人员主要任务及职责,B,本题主要考查的是应急演练内容。属于高频考点。B不属于，ACD属于。演练工作方案内容主要包括：应急演练目的及要求、应急演练事故情景设计、应急演练参与人员及范围，时间与地点、参演单位和人员主要任务及职责、应急演练筹备工作内容、应急演练主要步骤、应急演练技术支撑及保障条件、应急演练评估与总结。故选B。
单选题,"[2020年][河南中安]1
标记
收藏
根据《企业职工伤亡事故分类目录》（GB6441），该工程2号竖井发生的事故类别是（ ）。",A.物体打击|B.爆炸|C.起重伤害|D.机械伤害 E 高处坠落|A.铲车|B.门式起重机|C.小型翻斗车|D.钢筋调直机 E 电焊机,C,本题主要考查的是6441。属于高频考点。做题思路：结合案例背景涉及的危险，其可能导致的事故进行作答。根据《企业职工伤亡事故分类》（GB6441），本次事故是违规操作起重机所导致的事故，故属于起重伤害。故选C。
单选题,"[2020年][河南中安]1
标记
收藏
根据《企业职工伤亡事故分类目录》（GB6441），该工程2号竖井发生的事故类别是（ ）。",A.物体打击|B.爆炸|C.起重伤害|D.机械伤害 E 高处坠落|A.铲车|B.门式起重机|C.小型翻斗车|D.钢筋调直机 E 电焊机,B,本题主要考查的是特种设备的判定。属于高频考点。B属于，根据《特种设备目录》，门式起重机属于特种设备中的起重机械。故选B。
多选题,[2020年][河南中安]根据《生产经营单位安全培训规定》（国家安全生产监督管理总局令第3号），该公司对新入职的工人乙安全教育培训的内容应包括（ ）。,A.本工种岗位安全操作规程|B.地铁施工现场的危害因素|C.个人防护用品的使用和维护|D.事故发生时现场紧急处置措施 E 工伤事故申报、索赔程序,ABCD,本题主要考查的是安全教育培训内容。属于高频考点。做题思路：没有发生工伤后的培训内容。根据《生产经营单位安全培训规定》，新入职的工人乙岗前安全培训内容应当包括：工作环境及危险因素；所从事工种可能遭受的职业伤害和伤亡事故；所从事工种的安全职责、操作技能及强制性标准；自救互救、急救方法、疏散和现场紧急情况的处理；安全设备设施、个人防护用品的使用和维护；本车间（工段、区、队）安全生产状况及规章制度；预防事故和职业危害的措施及应注意的安全事项；有关事故案例；其他需要培训的内容。故选ABCD。
单选题,[2020年][河南中安]造成该事故发生的直接原因有（ ）。,A.吊运格栅钢架的钢丝绳卸扣（卡环）受力方向错误，碰撞后导致断裂|B.项目经理督促、检查安全生产工作不到位，未能及时消除安全生产事故隐患|C.工程项目部安全生产责任落实不到位，未对新入场工人进行安全教育培训|D.现场安全管理不到位，未及时发现和纠正班组长甲和工人乙的违章操作行为 E 甲无证操作门式起重机，且操作错误，导致格栅钢架与竖井楼梯护栏发生碰撞,A,本题主要考查的是事故的直接原因。属于高频考点。做题思路：人的不安全行为（三违）+物的不安全状态。AE正确，事故的直接原因为新入职的工人乙使用钢丝绳和卸扣（卡环）捆绑6个格栅钢架，但吊运格栅钢架的钢丝绳卸扣（卡环）受力方向错误，碰撞后导致断裂；甲无证操作门式起重机，且操作错误导致格栅钢架与竖井楼梯护栏发生碰撞，格栅钢架坠落至竖井底部砸中作业人员；BCD错误，属于间接原因，事故的间接原因为项目经理督促、检查安全生产工作不到位，未能及时消除安全生产事故隐患；工程项目部安全生产责任落实不到位，未对新入场工人进行安全教育培训；现场安全监督管理不到位，未及时发现和纠正班组长甲和工人乙的违章操作行为。故选AE。
多选题,[2020年][河南中安]根据《建设工程安全生产管理条例》（国务院令第393号），下列工作职责中，属于工程项目部专职安全生产管理人员的有（ ）。,A.建立安全生产责任制度|B.对施工现场进行监督检查|C.对违章指挥、违章操作立即制止|D.发现安全生产事故隐患及时报告 E 根据工程情况制定安全施工措施,BCD,本题主要考查的是安全生产管理人员的职责，属于高频考点。做题思路：安全员要做实际的工作，深入一线去。BCD属于，根据《建设工程安全生产管理条例》，施工单位应当设立安全生产管理机构，配备专职安全生产管理人员。专职安全生产管理人员负责对安全生产进行现场监督检查。发现安全事故隐患，应当及时向项目负责人和安全生产管理机构报告；对违章指挥、违章操作的，应当立即制止。故选BCD。
单选题,[2021年][河南中安]施工现场预留洞口一般采用盖板或防护栏杆进行防护。根据《建筑施工高处作业安全技术规范》，洞口盖板承受的均布荷载应不小于（    ）。,A.0.5KN/m2|B.1.00KN/m2|C.1.50KN/m2|D.2.00KN/m2,D,本题主要考查的是洞口盖板承受的均布荷载，属于数字型考题。D正确，洞口盖板应能承受不小于1KN的集中荷载和不小于2KN/m2的均布荷载，有特殊要求的盖板应另行设计。故选D。
单选题,[2021年][河南中安]工程项目部组织钢结构吊装和管道安装等悬空高处作业时，应采取有效的安全防护措施。下列悬空高处作业安全防护措施中，错误的是（    ）。,A.在作业层下方设置水平安全网|B.钢结构构件在地面组装，安全设施一并设置|C.利用钢梁作为水平通道时，设置连续的安全绳|D.在施工层搭设水平通道时，水平通道一侧设置防护栏杆,D,本题主要考查的是高处作业安全防护措施，属于高频考点。做题思路：人员“三保”要使用，临边防护无遗漏。A正确，吊装时，应在作业层下面设置水平安全平网；B正确，钢结构吊装，构件宜在地面组装，安全设施应一并设置；C正确，当利用钢梁作为水平通道时，应在钢梁一侧设置连续的安全绳，安全绳宜采用钢丝绳；D错误，错在“只在一侧临边设置防护栏杆，应是两侧”。钢结构安装施工宜在施工层搭设水平通道，水平通道两侧应设置防护栏杆。故选D。
单选题,[2021年][河南中安]某工程项目部组织塔式起重机顶升作业前，对顶升作业人员进行了安全技术交底。下列交底内容中，不符合安全要求的是（    ）。,A.顶升作业前，塔式起重机下支座与顶升套架应可靠连接|B.顶升作业中，应调整变幅小车位置进行配平操作|C.顶升作业中，应保证塔式起重机的平衡|D.顶升作业中，不应进行回转操作,B,本题主要考查的是塔吊顶升时人员安全技术交底，属于高频考点。做题思路：顶升前检查材料、构配件，劳动防护用品。顶升时严格按照方案进行，先配平，再顶升。顶升后做好相应的检查，做到工完场清，不留隐患。《建筑施工塔式起重机安装、使用、拆卸安全技术规程》（JGJ196-2010），顶升作业前，应将塔式起重机配平，并不是在顶升作业中进行。故选B。
单选题,[2021年][河南中安]施工升降机拆卸作业是施工现场安全监督管理的重点。下列关于施工升降机拆卸作业的说法，正确的是（    ）。,A.先全部拆除附墙架，再拆除导轨架|B.夜间进行拆卸作业时，应保证充足的照明|C.拆卸作业是安装作业的逆过程，可不编制专项施工方案|D.拆卸作业不能连续完成时，应根据拆卸状态采取相应安全措施,D,本题主要考查的是施工升降机拆卸作业的安全要求，属于高频考点。做题思路：属于危大工程，必须编制方案，夜间不得拆除，可以使用，附墙架随拆除进度而拆除。A错误，拆卸附墙架时施工升降机导轨架的自由端高度应始终满足使用说明书的要求；应确保与基础相连的导轨架在最后一个附墙架拆除后，仍能保持各方向的稳定性；B错误，夜间不得进行施工升降机的拆卸作业；C错误，施工升降机拆卸作业应符合拆卸工程专项施工方案的要求。故选D。
单选题,[2021年][河南中安]某工程项目部组织高处作业吊篮验收，填写了《高处作业吊篮使用验收表》。下列验收结果中，不合格的是（    ）。,A.涤纶安全绳直径为10㎜|B.悬挑结构抗倾覆系数为2|C.离心触发式安全锁制动距离为200㎜|D.超高限位器止挡安装在距顶端800㎜处,A,本题主要考查的是吊篮安全要求。属于数字的考查。根据《建筑施工工具式脚手架安全技术规范》（JGJ202-2010），8.2.2高处作业吊篮应按《高处作业吊篮使用验收表》的规定逐台逐项验收，并应经空载运行试验合格后，方可使用。该验收表检查项目的保证项目规定：（1）B正确，悬挑机构：悬挑机构抗倾覆系数大于等于2；（2）安全装置：①C正确，安全锁灵活可靠，在标定有效期内，离心触发式制动距离小于等于200㎜；②A错误，错在“直径为10mm，小于规定的16mm”。独立设置锦纶安全绳，锦纶绳直径不小于16㎜；③D正确，超高限位器止挡安装在距顶端80cm处固定。故选A。
单选题,[2021年][河南中安]某工程项目使用高处作业吊篮进行外墙保温施工。下列高处作业吊篮的使用方式正确的是（    ）。,A.吊篮内有2人同时作业|B.作业人员利用吊篮运送物料|C.作业人员从建筑物顶部进入吊篮|D.吊篮内作业人员将安全带系挂在篮体上,A,本题主要考查的是吊篮安全使用要求。属于高频考点。做题思路：吊篮上最多2人同时工作，不能运人和运物料。电源独立，安全带独立，安全装置独立。人员只能地面上下。B错误，错在“用吊篮运物料”。不得采用吊篮运送物料；C错误，错在“人员从建筑物顶部进入吊篮”。错在吊篮正常工作时，人员应从地面进入吊篮内，不得从建筑物顶部、窗口等处或其他孔洞处出入吊篮；D错误，错在“安全带挂在篮体上，应挂在独立的安全绳上”。吊篮内作业人员应将安全带用安全锁扣正确挂置在独立设置的专用安全绳上。故选A。
单选题,[2021年][河南中安]某工程项目塔式起重机作业半径内有一条10kV架空线路。为保障施工安全，项目部搭设了防护设施，并制定了相关的管理规定。根据《施工现场临时用电安全技术规范》，下列架空线路的防护措施中，错误的是（    ）。,A.搭设防护设施时采取停电措施并派专人监护|B.防护设施与架空线路之间的安全距离为2m|C.架空线路正下方的木工车间搭设防护棚|D.采用绝缘材料搭设防护设施,C,本题主要考查的是架空线路的防护措施。是数字和文字的考查。属于常规考点。做题思路：比规范要求更严格是正确的，反之都是错误的。C错误，错在“架空线路下搭设防护棚”。根据《施工现场临时用电安全技术规范》（JGJ46-2005），4.1.1规定：在建工程不得在外电架空线路正下方施工、搭设作业棚、建造生活设施或堆放构件、架具、材料及其他杂物等。故选C。
单选题,[2021年][河南中安]某工程项目低压电力系统电缆采用埋地方式敷设，施工现场临时用电组织设计中明确了直埋电缆安全技术措施。关于直埋电缆安全技术措施的说法，错误的是（    ）。,A.埋地电缆穿越施工道路时，加设内径不小于电缆外径1.5倍的防护套管|B.埋地电缆的接头设在地面上的接线盒内，接线盒具备防水、防尘、防机械损伤性能|C.埋地电缆与其附近外电电缆和管沟的平行间距不小于1m，交叉间距不小于0.5m|D.直接埋地敷设的深度不小于0.7m，在电缆四周均匀敷设50㎜厚的细砂，设置硬质保护层,C,本题主要考查的是电缆埋设的要求。是数字和文字的考查。属于常规考点。C错误，错在“平行间距1m，小于2m的要求，交叉间距0.5m，小于1m的要求”。埋地电缆与其附近外电电缆和管沟的平行间距不得小于2m，交叉间距不得小于1m。故选C。
单选题,[2021年][河南中安]某工程项目部组织悬挑式操作平台验收。根据《建筑施工高处作业安全技术规范》，下列验收结果中，不符合规范要求的是（    ）。,A.悬挑式操作平台安装时，钢丝绳采用专用钢丝绳夹连接|B.悬挑式操作平台设置4个吊环，吊运时使用卡环|C.悬挑式操作平台支撑点设置在主体结构的脚手架上|D.悬挑式操作平台使用工字钢制作悬挑梁，节点采用焊接,C,本题主要考查的是悬挑式操作平台的搭设要求。是数字和文字的考查。属于常规考点。C不符合，错在“支撑点设在脚手架上，应设在主体结构上”。悬挑式操作平台的搁置点、拉结点、支撑点应设置在稳定的主体结构上，且应可靠连接。故选C。
单选题,"[2021年][河南中安]一、单选题
10
标记
收藏

某工程项目深基坑开挖完毕后，因主体结构的特殊情况，需改变基坑支护结构工作状态，施工单位应报请进行复核的单位是（    ）。",A.监理单位|B.建设单位|C.设计单位|D.政府监督部门,C,本题主要考查的是设计变更的要求。做题思路：设计和现场实际不符，找监理单位报告。现场复核是设计单位。建设单位只是起到一个中间人的作用。C正确，根据《建筑深基坑工程施工安全技术规范》（JGJ311-2013），11.1.5现场如需要对支护结构工作状态进行改变时，应报告设计单位并进行复核，符合安全要求后方可进行施工。故选C。
单选题,[2021年][河南中安]某建筑工程钢结构施工时，搭设扣件式钢管满堂支撑架，高度17m。支撑架搭设完成后，项目部组织相关人员进行了验收。下列验收结果中，合格的是（    ）。,A.连墙件水平间距6m|B.纵向水平杆搭接长度500㎜|C.可调托撑螺杆伸出长度500㎜|D.立杆伸出顶层水平杆中心线至支撑点的长度800㎜,A,本题主要考查的是扣件式钢管满堂支撑架搭设要求。是数字的考查。属于高频考点。可考察案例改错。A合格，B不合格，错在“搭设长度不满足1m的要求”。纵向水平杆搭接长度不应小于1m；C不合格，满堂支撑架的可调底座、可调托撑螺杆伸出长度不宜超过300㎜；D不合格，满堂支撑架立杆伸出顶层水平杆中心线至支撑点的长度不应超过0.5m。故选A。
单选题,"[2021年][河南中安]一、单选题
1
标记
收藏

施工现场预留洞口一般采用盖板或防护栏杆进行防护。根据《建筑施工高处作业安全技术规范》，洞口盖板承受的均布荷载应不小于（    ）。",A.0.5KN/m2|B.1.00KN/m2|C.1.50KN/m2|D.2.00KN/m2|A.在作业层下方设置水平安全网|B.钢结构构件在地面组装，安全设施一并设置|C.利用钢梁作为水平通道时，设置连续的安全绳|D.在施工层搭设水平通道时，水平通道一侧设置防护栏杆|A.顶升作业前，塔式起重机下支座与顶升套架应可靠连接|B.顶升作业中，应调整变幅小车位置进行配平操作|C.顶升作业中，应保证塔式起重机的平衡|D.顶升作业中，不应进行回转操作|A.先全部拆除附墙架，再拆除导轨架|B.夜间进行拆卸作业时，应保证充足的照明|C.拆卸作业是安装作业的逆过程，可不编制专项施工方案|D.拆卸作业不能连续完成时，应根据拆卸状态采取相应安全措施|A.涤纶安全绳直径为10㎜|B.悬挑结构抗倾覆系数为2|C.离心触发式安全锁制动距离为200㎜|D.超高限位器止挡安装在距顶端800㎜处|A.吊篮内有2人同时作业|B.作业人员利用吊篮运送物料|C.作业人员从建筑物顶部进入吊篮|D.吊篮内作业人员将安全带系挂在篮体上|A.搭设防护设施时采取停电措施并派专人监护|B.防护设施与架空线路之间的安全距离为2m|C.架空线路正下方的木工车间搭设防护棚|D.采用绝缘材料搭设防护设施|A.埋地电缆穿越施工道路时，加设内径不小于电缆外径1.5倍的防护套管|B.埋地电缆的接头设在地面上的接线盒内，接线盒具备防水、防尘、防机械损伤性能|C.埋地电缆与其附近外电电缆和管沟的平行间距不小于1m，交叉间距不小于0.5m|D.直接埋地敷设的深度不小于0.7m，在电缆四周均匀敷设50㎜厚的细砂，设置硬质保护层|A.悬挑式操作平台安装时，钢丝绳采用专用钢丝绳夹连接|B.悬挑式操作平台设置4个吊环，吊运时使用卡环|C.悬挑式操作平台支撑点设置在主体结构的脚手架上|D.悬挑式操作平台使用工字钢制作悬挑梁，节点采用焊接|A.监理单位|B.建设单位|C.设计单位|D.政府监督部门|A.连墙件水平间距6m|B.纵向水平杆搭接长度500㎜|C.可调托撑螺杆伸出长度500㎜|D.立杆伸出顶层水平杆中心线至支撑点的长度800㎜|A.1.00m|B.1.50m|C.2.00m|D.2.50m|A.支撑体相邻立杆连接套管接头的位置宜错开|B.支撑体系立杆搭设位置应按专项施工方案放线确定|C.每搭设完两步支撑架后，应及时校正水平杆、立杆的偏差|D.水平杆扣接头与连接盘的插销应用铁锤击紧至规定插入刻度|A.放下支卸平台防护栏杆，将连接的隧道模整体推移至支卸平台|B.为使顶板不超过设计允许荷载，经设计核算加设临时支撑柱|C.新浇混凝土强度在达到承重模板拆模要求后，方准拆模|D.拆除作业前，对作业人员进行安全技术交底和技术培训|A.初期支护应具有一定的柔性|B.应充分考虑利用围岩的自承能力|C.应对开挖面前方地层预加固预处理|D.采用锚杆和喷射混凝土为主要支护手段|A.购买工程保险|B.编制专项施工方案|C.采取措施或修改技术方案|D.制定可行的风险应急处置预案|A.24V以下的照明灯|B.24V以下的防爆灯|C.36V以下的照明灯|D.36V以下的防爆灯|A.在施工现场显著位置公示危大工程名称、施工时间和具体责任人员|B.危大工程施工过程中，项目负责人现场履职时间为工作时间的80%|C.危大工程发生险情时，项目部立即采取应急处置措施，并报告工程所在地住房城乡建设主管部门|D.危大工程专项施工方案及审核、专家论证、交底、现场检查、验收及整改等相关资料纳入档案管理|A.17.5%|B.18.5%|C.19.5%|D.20.5%|A.采用底部掏掘或推倒的方法拆除建筑墙体|B.拆除工程作业面的孔洞采取安全防护措施|C.从上至下逐层拆除，垂直交叉作业做好防护措施|D.框架结构按楼板、主梁、次梁、结构柱的顺序依次拆除|A.3.00m|B.3.50m|C.4.00m|D.4.50m E 5.00m|A.漏电保护器①|B.漏电保护器②|C.漏电保护器③|D.漏电保护器④ E 漏电保护器⑤|A.机械伤害|B.高处坠落|C.起重伤害|D.触电 E 中毒窒息|A.盾构机|B.汽车式起重机|C.履带式起重机|D.升降式作业平台 E 门式起重机|A.区间隧道盾构工程|B.车站二次结构砌筑工程|C.车站主体结构模板支撑工程|D.车站附属结构暗挖工程 E 基坑土方开挖及支护工程,D,本题主要考查的是人工开挖土方时人员的安全距离。是数字的考查。属于高频考点。D正确，基坑开挖时，两人操作间距应大于2.5m。多台机械开挖，挖土机间距应大于10m。在挖土机工作范围内，不允许进行其他作业。挖土应由上而下，逐层进行，严禁先挖坡脚或逆坡挖土。故选D。
单选题,[2021年][河南中安]某项目模板工程采用承插型盘扣式钢管模板支撑体系。支撑体系搭设前，项目部对作业人员进行了安全技术交底。下列安全技术交底内容中，错误的是（    ）。,A.支撑体相邻立杆连接套管接头的位置宜错开|B.支撑体系立杆搭设位置应按专项施工方案放线确定|C.每搭设完两步支撑架后，应及时校正水平杆、立杆的偏差|D.水平杆扣接头与连接盘的插销应用铁锤击紧至规定插入刻度,C,本题主要考查的是承插型盘扣式钢管模板支撑架的搭设要求。C错误，错在“搭设两步架后进行校正，应是一步”。每搭完一步支模架后，应及时校正水平杆步距，立杆的纵、横距，立杆的垂直偏差和水平杆的水平偏差。故选C。
单选题,[2021年][河南中安]隧道模拆除作业是施工现场安全管理的重点，下列隧道模拆除做法中，错误的是（    ）。,A.放下支卸平台防护栏杆，将连接的隧道模整体推移至支卸平台|B.为使顶板不超过设计允许荷载，经设计核算加设临时支撑柱|C.新浇混凝土强度在达到承重模板拆模要求后，方准拆模|D.拆除作业前，对作业人员进行安全技术交底和技术培训,A,本题主要考查的是《建筑施工模板安全技术规范》（JGJ162-2008）隧道摸拆除安全管理要求。做题思路：拆除前先申请，必须满足强度要求。同时给作业人员进行现场安全技术交底。A错误，错在“整体隧道摸推移，而是一半一半的进行”。放下支卸平台防护栏杆，先将一边的半隧道模推移至支卸平台上，然后再推另一边半隧道模。故选A。
单选题,[2021年][河南中安]采用浅埋暗挖法施工隧道时，应根据工程特点、围岩情况、环境要求以及施工单位的自身条件，选择适宜的开挖方式。下列关于浅埋暗挖法施工的说法，正确的是（    ）。,A.初期支护应具有一定的柔性|B.应充分考虑利用围岩的自承能力|C.应对开挖面前方地层预加固预处理|D.采用锚杆和喷射混凝土为主要支护手段,C,本题主要考查的是浅埋暗挖法施工的做法。做题思路：要和新奥法做好区分。AB错误，错在“不是柔度，而是刚度，没有充分考虑围岩的自承能力”。浅埋暗挖法并没有充分考虑利用围岩的自承作用，要求初期支护具有一定刚度；C正确，开挖面前方地层预加固预处理是浅埋暗挖法的必要前提，目的在于增强开挖面的稳定性；D错误，错在“锚杆和喷射混凝土，这是新奥法的支护手段”。浅埋暗挖法是以格栅和喷锚作为初期支护手段。故选C。
单选题,[2021年][河南中安]城市轨道交通工程建设风险处置方式包括风险消除、风险降低、风险转移和风险自留等四种，下列工程建设风险处置方式中，属于风险转移的是（    ）。,A.购买工程保险|B.编制专项施工方案|C.采取措施或修改技术方案|D.制定可行的风险应急处置预案,A,本题主要考查的是风险处置的内容。做题思路：风险转移就是自己不干，或者买保险。A属于，风险转移。依法将工程建设风险的全部或部分转让或转移给第三方（专业单位），或通过保险等合法方式使第三方承担工程建设风险；B属于干扰项；C属于风险降低；D属于风险自留。故选A。
单选题,[2021年][河南中安]某地铁工程采用盾构法施工。因盾构机在使用过程中刀具磨损严重，结合现场条件，需要带压开仓更换刀具。为保证压力舱内照明条件，照明灯具应选用（    ）。,A.24V以下的照明灯|B.24V以下的防爆灯|C.36V以下的照明灯|D.36V以下的防爆灯,B,本题主要考查的是盾构法施工照明灯具的电压。做题思路：考虑有限空间内，同时可能存在易燃易爆的物质，以及压力。应采用能承压的24V以下的防爆灯。B正确，地铁工程采用盾构法施工，需要带压开仓更换刀具时，为保证压力仓内照明条件，照明灯具应选用24V以下的安全电压，且必须是经得起压力的防爆灯。故选B。
单选题,[2021年][河南中安]某工程项目包括多项危险性较大的分部分项工程。施工过程中，项目部根据《危险性较大的分部分项工程安全管理规定》，开展现场安全管理工作。下列现场安全管理的做法中，错误的是（    ）。,A.在施工现场显著位置公示危大工程名称、施工时间和具体责任人员|B.危大工程施工过程中，项目负责人现场履职时间为工作时间的80%|C.危大工程发生险情时，项目部立即采取应急处置措施，并报告工程所在地住房城乡建设主管部门|D.危大工程专项施工方案及审核、专家论证、交底、现场检查、验收及整改等相关资料纳入档案管理,B,本题主要考查的是危大工程现场安全管理。属于高频考点。B错误，错在“80%工作时间为履职时间，应是全过程”施工单位应当对危大工程施工作业人员进行登记，项目负责人应当在施工现场履职。故选B。
单选题,[2021年][河南中安]有限空间内由于通风不良、生物的呼吸作用或物质的氧化作用，会形成缺氧状态，可能导致窒息事故的发生。为保证作业人员生命安全，有限空间作业场所空气中氧浓度最低允许值为（    ）。,A.17.5%|B.18.5%|C.19.5%|D.20.5%,C,本题主要考查的是有限空间的氧浓度。是数字的考察，属于高频考点。C正确，一旦作业场所空气中的氧浓度低于19.5%，就会有缺氧的危险，可能导致窒息事故发生。故选C。
单选题,[2021年][河南中安]建筑拆除工程属于危险性较大的分部分项工程。下列人工拆除施工做法中，正确的是（    ）。,A.采用底部掏掘或推倒的方法拆除建筑墙体|B.拆除工程作业面的孔洞采取安全防护措施|C.从上至下逐层拆除，垂直交叉作业做好防护措施|D.框架结构按楼板、主梁、次梁、结构柱的顺序依次拆除,B,本题主要考查的是建筑拆除时的人工拆除。做题思路：自上而下，先板后梁再柱。A错误，错在“采用了底部掏掘或推倒”。当人工拆除建筑墙体时，严禁采用底部掏掘或推倒的方法；C错误，错在“垂直交叉作业”。人工拆除施工应从上至下逐层拆除，并应分段进行，不得垂直交叉作业；D错误，错在“拆除顺序错误，应是板-次梁-主梁-柱”。当框架结构采用人工拆除施工时，应按楼板、次梁、主梁、结构柱的顺序依次进行。故选B。
单选题,[2021年][河南中安]根据《施工现场临时用电安全技术规范》（JGJ46-2005），本工程起重机械与架空输电线路的最小水平安全距离是（    ）。,A.3.00m|B.3.50m|C.4.00m|D.4.50m E 5.00m,C,本题主要考查的是起重机械与架空输电线路的安全距离，是纯数字考点。属于高频考点。已知架空输电线路为110KV，根据下表： 起重机与架空线路边线的最小安全距离 起重机械与110KV架空输电线路沿水平方向最小距离为4m。故选C。
单选题,[2021年][河南中安]根据《施工现场临时用电安全技术规范》（JGJ46-2005），下列漏电保护器适用于潮湿场所开关箱的是（    ）。,A.漏电保护器①|B.漏电保护器②|C.漏电保护器③|D.漏电保护器④ E 漏电保护器⑤,B,本题主要考查的是漏电保护器的使用要求，是纯数字考点。做题思路：腐蚀、涉水、有限空间、金属照片、手持式电动工具均是不大于15mA，动作时间不大于0.1s。B正确，根据《施工现场临时用电安全技术规范》（JGJ46-2005）规定：使用于潮湿或有腐蚀介质场所的漏电保护器应采用防溅型产品，其额定漏电动作电流不应大于15mA，额定漏电动作时间不应大于0.1s。故选B。
多选题,"[2021年][河南中安]3
标记
收藏

根据《企业职工伤亡事故分类》（GB6441-1986），本工程门式起重机安装过程中存在的主要危险有害因素有（    ）。",A.机械伤害|B.高处坠落|C.起重伤害|D.触电 E 中毒窒息,ABCD,本题主要考查的是6441。属于高频考点。做题思路：结合案例背景涉及的危险，其可能导致的事故进行作答。不涉及的不能写。门式起重机安装过程中并未存在有毒气体和造成窒息的物质，因此不存在中毒窒息的危险有害因素。故选ABCD。
单选题,"[2021年][河南中安]3
标记
收藏

根据《企业职工伤亡事故分类》（GB6441-1986），本工程门式起重机安装过程中存在的主要危险有害因素有（    ）。",A.机械伤害|B.高处坠落|C.起重伤害|D.触电 E 中毒窒息|A.盾构机|B.汽车式起重机|C.履带式起重机|D.升降式作业平台 E 门式起重机|A.区间隧道盾构工程|B.车站二次结构砌筑工程|C.车站主体结构模板支撑工程|D.车站附属结构暗挖工程 E 基坑土方开挖及支护工程,C,本题主要考查的是特种设备的判定。属于高频考点。做题思路：汽车吊不属于特种设备，履带吊属于。履带式起重机、门式起重机属于特种设备中的起重机械。故选CE。
多选题,[2021年][河南中安]根据《住房城乡建设部办公厅关于实施〈危险性较大的分部分项工程安全管理规定〉有关问题的通知》，本工程超过一定规模的危险性较大的分部分项工程有（    ）。,A.区间隧道盾构工程|B.车站二次结构砌筑工程|C.车站主体结构模板支撑工程|D.车站附属结构暗挖工程 E 基坑土方开挖及支护工程,ACD,本题主要考查的是超危大分部分项工程的判定。属于高频考点。做题思路：结合案例背景提供的数据进行判断。AD正确，采用矿山法、盾构法、顶管法施工的隧道、洞室工程属于超过一定规模的危大工程；C正确，搭设高度8m及以上的混凝土模板支撑工程属于超过一定规模的危大工程；E正确，开挖深度超过5m（含5m）的基坑（槽）的土方开挖、支护、降水工程属于超过一定规模的危大工程。故选ACDE。
单选题,[2022年][河南中安]某工程项目部按照事故发生的原因，从人的因素、物的因素、环境因素和管理因素等四个方面进行危险有害因素辨识。下列危险有害因素中，属于管理因素的是（    ）。,A.违章指挥|B.违章作业|C.监护失误|D.安全投入不足,D,本题主要考查的是《生产过程危险和有害因素分类》（GB/T13861），做题思路：了解人的因素、物的因素、环境因素和管理因素的内容。可能涉及案例考点。 D属于，ABC不属于，根据《生产过程危险和有害因素分类与代码》（GB/T13861）的生产过程危险和有害因素分类与代码表可知，违章指挥、违章作业、监护失误属于人的因素，安全投入不足属于管理因素。故选D。
单选题,[2022年][河南中安]某建筑工程在使用QTZ160塔式起重机吊运钢筋作业过程中，由于起重力矩达到额定值，力矩限制器发出报警信号，司机采取了应急操作。下列操作方法中，能够有效消除该起重机报警信号、解除其危险状态的是（    ）。,A.起重臂向右侧进行回转动作|B.起重臂向左侧进行回转动作|C.变幅小车向减小幅度方向运动|D.变幅小车向增大幅度方向运动,C,本题主要考查的是起重力矩限制器作用时的操作，属于高频考点。做题思路：小车可近不远，重物可下不上。 C正确，起重力矩为起重量与工作幅度的乘积。当起重力矩达到额定值时，起重臂向左向右进行回转运动均不改变起重力矩，变幅小车向减小幅度方向运动减小了工作幅度，能减小起重力矩，从而有效消除该起重机报警信号、解除其危险状态。故选C。
单选题,[2022年][河南中安]某起重机械安装公司在拆卸QTZ125塔式起重机前，编制了专项施工方案。根据《建筑施工塔式起重机安装、使用、拆卸安全技术规程》（JGJ196），下列塔式起重机拆卸作业安全技术措施中，错误的是（    ）。,A.降节作业前确认顶升系统完好|B.降节作业前先拆除最上面的附着装置|C.明确附着装置的拆卸顺序和拆卸方法|D.明确拆卸工作暂时中断情况下的安全措施,B,本题主要考查的是塔吊拆除时的安全要求。做题思路：拆除作业时，附着很关键，要和标准节同步进行，不能提前拆。 A正确，根据《建筑施工塔式起重机安装、使用、拆卸安全技术规程》（JGJ196），5.0.3塔式起重机拆卸前应检查主要结构件、连接件、电气系统、起升机构、回转机构、变幅机构、顶升机构等项目。发现隐患应采取措施，解决后方可进行拆卸作业；B错误，错在“先拆除附着装置”。5.0.7拆卸时应先降节、后拆除附着装置；C正确，5.0.5附着式塔式起重机应明确附着装置的拆卸顺序和方法；D正确，5.0.1塔式起重机拆卸作业宜连续进行；当遇特殊情况拆卸作业不能继续时，应采取措施保证塔式起重机处于安全状态。故选B。
单选题,[2022年][河南中安]某钢结构加工厂使用桥式起重机吊运物料。根据《建筑机械使用安全技术规程》（JGJ33），桥式起重机吊运钢结构构件时，吊运路线不得从人员、设备上面通行；空车行走时，吊钩离地面的最小距离应为（    ）。,A.1.00m|B.1.50m|C.1.80m|D.2.00m,D,本题主要考查的是桥式起重机的作业要求，虽然属于超纲知识点。但也是一个常见的数字，类似这种要求均是距地2m，特殊要求的除外。 根据《建筑机械使用安全技术规程》（JGJ33），桥式起重机吊运路线不得从人员、设备上面通过；空车行走时，吊钩应离地面2m以上。故选D。
单选题,[2022年][河南中安]某施工现场部分特殊场所需使用安全特低电压照明。现有一台双绕组安全隔离变压器，输出电压为24V。下列特殊场所中，适用此变压器为照明装置供电的是（    ）。,A.金属管道内|B.钢制水箱内|C.金属结构构架场所|D.相对湿度长期处于97%的蓄水池,C,本题主要考查的安全电压适用的范围。属于高频考点。做题思路：潮湿和易触及带电体24V，特别潮湿和有限空间12V，其他是36V。 根据《施工现场临时用电安全技术规范》（JGJ46），10.2.2使用安全特低电压照明器特殊场所应包括：①隧道、人防工程、高温、有导电灰尘、比较潮湿或灯具离地面高度低于2.5m等场所的照明，电源电压不应大于36V。②潮湿和易触及带电体场所的照明，电源电压不得大于24V。③特别潮湿场所、导电良好的地面、锅炉或金属容器内的照明，电源电压不得大于12V。故选C。
单选题,[2022年][河南中安]某建筑工程钢筋加工场有多台交流电焊机，工程项目部草拟了电焊机安全使用规定。下列电焊机安全使用规定中，错误的是（    ）。,A.电焊机的二次线电缆长度不得超过50m|B.照明设备不得从电焊机开关箱中接取电源|C.严禁露天冒雨从事电焊作业|D.开关箱与电焊机的距离不得超过3m,A,本题主要考查的电焊机电线的相关的要求。做题思路：有电的作业需要严格要求，动照分开，不在雨天作业等等。 A错误，错在“二次线电缆长度为50m，超过了30m”电焊机的二次线应采用防水橡皮护套铜芯软电缆，电缆长度不应大于30m，不得采用金属构件或结构钢筋代替二次线的地线。故选A。
单选题,[2022年][河南中安]为防止人员和物料坠落，电梯井口必须设置防护门。根据《建筑施工高处作业安全技术规范》（JGJ80），防护门高度不应低于（    ）。,A.800㎜|B.1000㎜|C.1200㎜|D.1500㎜,D,本题主要考查的是电梯井防护门的高度，属于固定数字。也属于高频考点。 D正确，电梯井口应设置防护门，其高度不应小于1.5m，防护门底端距地面高度不应大于50㎜，并应设置挡脚板。故选D。
单选题,[2022年][河南中安]某工程项目部组织施工现场高处作业专项安全检查，发现下列情况，其中属于安全隐患的是（    ）。,A.单梯梯面与水平面成75°夹角|B.深基坑斜道设置了间距300㎜的防滑条|C.固定直梯高15m，在8m处设置了梯间平台|D.无外脚手架的27°坡屋面，设置了1.20m的防护栏杆,D,本题主要考查的高处作业的安全要求。属于数字型问题。 A不属于，使用单梯时梯面应与水平面成75°夹角，踏步不得缺失，梯格间距宜为300㎜，不得垫高使用；B不属于，深基坑施工应设置扶梯、人坑踏步及专用载人设备或斜道等设施。采用斜道时，应加设间距不大于400㎜的防滑条等防滑措施。作业人员严禁沿坑壁、支撑或承运土工具上下；C不属于，使用固定式直梯攀登作业时，当攀登高度超过3m时，宜加设护笼；当攀登高度超过8m时，应设置梯间平台；D属于，错在“1.20m的防护栏杆，高度不满足要求”。在坡度大于1:2.2（26°）的屋面上作业，当无外脚手架时，应在屋檐边设置不低于1.5m高的防护栏杆，并应采用密目式安全立网完全封闭。故选D。
单选题,[2022年][河南中安]某工程项目部搭设落地式操作平台进行物料倒运。根据《建筑施工高处作业安全技术规范》（JGJ80），下列落地式操作平台架体构造做法中，正确的是（    ）。,A.操作平台搭设高度24m|B.操作平台高宽比为3:1|C.操作平台与外脚手架连接|D.操作平台与建筑物柔性连接,B,本题主要考查的落地式操作平台架体构造要求。属于数字和文字型的考题。做题思路：一般与建筑物的连接都是刚性连接。 A错误，错在“高度24m，超过了15m”落地式操作平台的面积不应超过10㎡，高度不应超过15m；B正确，高宽比不应大于3:1；D错误，错在“柔性连接”。落地式操作平台应独立设置，并应与建筑物进行刚性连接，C错误，错在“与脚手架连接”。落地式操作平台不得与脚手架连接。故选B。
单选题,[2022年][河南中安]为确保基坑安全，在软土基坑工程施工前，工程项目部编制了土方开挖专项施工方案。关于软土基坑开挖的说法，错误的是（    ）。,A.软土基坑开挖应遵循分层、分段、对称、均衡、适时的原则|B.软土基坑盆式开挖的取土口位置与基坑边的距离不宜大于8m|C.桩基础施工完成时，应根据开挖面下软土的性状，限制每层开挖厚度|D.采用重力式水泥墙的支护结构，沿水泥墙方向应分区段开挖，每一开挖区段的长度不宜超过40m,B,本题主要考查的是软土基坑开挖的要求。属于非常规考点。 软土基坑开挖应符合的规定：A正确，①应按分层、分段、对称、均衡、适时的原则开挖；C正确，②当主体结构采用桩基础且基础桩已施工完成时，应根据开挖面下软土的性状，限制每层开挖厚度。③对采用内支撑的支护结构，宜采用开槽方法浇筑混凝土支撑或安装钢支撑；开挖到支撑作业面后，应及时进行支撑的施工；D正确，④对重力式水泥土墙，沿水泥土墙方向应分区段开挖，每一开挖区段的长度不宜大于40m。B不属于软土基坑开挖的规定内容。故选B。
单选题,[2022年][河南中安]某基坑工程支护结构安全等级为三级，施工单位对基坑进行了过程监测。根据《建筑基坑支护技术规程》（JGJ120），下列基坑监测项目中，属于应测项目的是（    ）。,A.土压力|B.支撑轴力|C.孔隙水压力|D.支护结构顶部水平位移,D,本题主要考查的是基坑监测的项目。 D属于，ABC不属于，基坑工程支护结构的监测应根据结构类型和地下水控制方法，按下表选择基坑监测项目。由表可知，支护结构顶部水平位移是各级基坑检测项目的应测项目。 基坑监测项目选择 注：表内各监测项目中，仅选择实际基坑支护形式所含有的内容。故选D。
单选题,[2022年][河南中安]某道路工程需对山体进行爆破作业。施工前，工程项目部编制了爆破作业专项施工方案。关于土石方爆破安全措施的说法，错误的是（    ）。,A.电力起爆网路发生盲炮时，应立即切断电源，及时将盲炮电路短路|B.爆破警戒范围应经过设计计算，在危险区边界设明显标志，并设置警戒人员|C.B级及复杂环境的爆破工程爆破后，应由安全员、爆破员共同进行安全检查|D.发现爆破作业对周边公用设施造成安全威胁时，应及时组织抢险、治理，排除安全隐患,C,本题主要考查的是土石方爆破安全措施。属于常规考点。 A正确，电力起爆网路发生盲炮时，应立即切断电源，及时将盲炮电路短路；B正确，爆破警戒范围应经过设计确定，在危险区边界应设有明显标志，并设置警戒人员；C错误，错在“检查人员不符合要求，不是安全员、爆破员共同进行安全检查”。B级及复杂环境的爆破工程爆破后，检查工作应由现场技术负责人、起爆组长和有经验的爆破员、安全员组成检查小组实施；D正确，发现爆破作业对周边建（构）筑物、公用设施造成安全威胁时，应及时组织抢险、治理，排除安全隐患。故选C。
单选题,[2022年][河南中安]【改编】某建筑工程采用承插型盘扣式钢管搭设模板支撑架，搭设高度12m，专职安全生产管理人员对模板支撑架进行了专项检查。根据《建筑施工承插型盘扣式钢管脚手架安全技术标准》（JGJ/T231），下列模板支撑架搭设情形中，不符合规定的是（    ）。,A.水平杆的步距为1.0m|B.每间隔4跨设置竖向斜杆|C.可调托座丝杆外露长度为375㎜|D.可调托座伸出顶层水平杆的悬臂长度为637㎜,B,本题主要考查的是承插型盘扣式模板支撑架搭设的要求。属于常规考点。 A符合，水平杆的步距不得大于1m；B不符合，错在“间隔4跨设竖向斜杆，应该满布设置”。当搭设高度超过8m的模板支架时，坚向斜杆应满布设置，水平杆的步距不得大于1m，沿高度每隔4～6个标准步距应设置水平层斜杆或扣件钢管剪刀撑。周边有结构物时，宜与周边结构形成可靠拉结；CD符合，模板支架可调托座伸出顶层水平杆或双槽钢托梁的悬臂长度严禁超过650mm，且丝杆外露长度严禁超过400mm，可调托座插入立杆或双槽钢托梁长度不得小于150mm。故选B。
单选题,[2022年][河南中安]根据《建筑施工扣件式钢管脚手架安全技术规范》（JGJ130），悬挑式脚手架型钢悬挑梁的悬挑端，应设置能使脚手架立杆与悬挑梁可靠固定的定位点，定位点与悬挑梁端部的最小距离是（    ）。,A.50㎜|B.100㎜|C.150㎜|D.200㎜,B,本题主要考查的是悬挑式脚手架制作时的要求。属于数字型题目。 B正确，根据《建筑施工扣件式钢管脚手架安全技术规范》（JGJ130），6.10.7悬挑式脚手架型钢悬挑梁的悬挑端，应设置能使脚手架立杆与钢梁可靠固定的定位点，定位点离悬挑梁端部不应小于100㎜。故选B。
单选题,[2022年][河南中安]爬升模板拆除时，应按规定程序拆除以下部件：①爬升支架，②悬挂脚手架和模板，③爬升设备。根据《建筑施工模板安全技术规范》（JGJ162），正确的拆除顺序是（    ）。,A.①②③|B.②①③|C.①③②|D.②③①,D,本题主要考查的是爬模的拆除顺序。属于超纲的排序题。做题思路：先看选项的数字排列，对应题干的文字，搭设时先有“根”，后有配备的设施，拆除时顺序正好相反。 D正确，根据《建筑施工模板安全技术规范》（JGJ162），7.5.3爬升模板拆除时应设专人指挥，严禁交叉作业。拆除顺序应为：悬挂脚手架和模板、爬升设备、爬升支架。故选D。
单选题,[2022年][河南中安]某轨道交通工程项目部针对盾构区间隧道施工水平运输存在的风险及可能导致的后果，提出了安全防范措施。下列隧道水平运输安全措施中，错误的是（    ）。,A.日常搭乘工作人员的电瓶车、平板车配备安全带|B.在隧道内曲线段出入端设置车辆缓慢通过标志|C.长距离大坡度地段，工作面钢轨末端设置行驶止动装置|D.长距离大坡度地段，电瓶车增设电动制动刹车装置，配置闪光示警灯具,A,本题主要考查的是隧道水平运输安全措施，属于非常规考点。 盾构区间隧道施工水平运输存在的风险及可能导致的后果提出了以下安全防范措施：①对运输机具、轨道必须定期进行安全运行检查和维护；B正确，②电瓶车辆在隧道内曲线段行驶以及进出台车，必须缓慢通过；③工作人员必须在人行走道板上通行，走道板须绑扎牢固；A错误，错在“用电瓶车、平板车搭乘人员”。④电瓶车、平板车严禁载人运输；⑤电瓶车司机持证上岗，禁止酒后驾驶；⑥做好例保，刹车片及时更换；CD正确，⑦长距离大坡度地段：电瓶车增设电动制动刹车装置及配置行车闪光示警灯具，定期及时检查刹车装置，保证其良好性；将钢轨轨枕可靠固定连接，不允许松动；工作面钢轨末端设置行驶止动装置，制定安全行车操作规程；配置专用防止管片旋转的专用平板车。故选A。
单选题,[2022年][河南中安]城市轨道交通工程关键节点施工前的条件核查，是关键节点风险管控的重要手段。根据《住房城乡建设部办公厅关于加强城市轨道交通工程关键节点风险管控的通知》（建办质〔2017〕68号），负责对关键节点施工前条件预核查的单位是（    ）。,A.监理单位|B.建筑单位|C.设计单位|D.施工单位,A,本题主要考查的是关键节点风险管控程序，属于非常规考点。 A正确，城市轨道交通工程关键节点风险管控程序：①施工单位根据《关键节点分类清单》编制《关键节点识别清单》，报监理单位审批。②施工单位对照经监理单位批准的《关键节点识别清单》，对关键节点施工前条件自检自评，符合要求的报监理单位。③监理单位对关键节点施工前条件进行预核查，通过后报建设单位。④建设单位（或委托监理单位）依据相关制度规定和标准规范组织开展关键节点施工前条件核查。⑤通过核查的，方可进行关键节点施工；未通过核查的，相关单位按照核查意见进行整改，整改完成后建设单位重新组织核查。故选A。
单选题,[2022年][河南中安]某建筑工程建筑高度28m，幕墙采用高处作业吊篮进行施工。工程项目部编制了幕墙安装专项施工方案，明确了高处作业安全技术措施。下列幕墙施工高处作业安全技术措施中，错误的是（    ）。,A.高处作业吊篮下方设置安全隔离区和警告标志|B.对幕墙施工作业面可能坠落的物料设置固定措施|C.施工现场人员进出的通道口处搭设长度4m的安全防护棚|D.对距离高处作业吊篮10m范围内的高压输电线路设置隔离屏障,C,本题主要考查的是吊篮、高处作业、临电防护、安全防护的综合知识点考察。属于高频考点。做题思路：结合坠落半径设置防护棚。 A正确，使用吊篮作业时，应排除影响吊篮正常运行的障碍。在吊篮下方可能造成坠落物伤害的范围，应设置安全隔离区和警告标志，人员或车辆不得停留、通行。幕墙施工时，下方均应设置警戒隔离区，防止高空坠物；B正确，对高处作业施工作业现场可能坠落的物料，应及时拆除或采取固定性措施；C错误，错在“防护棚长度4m，小于坠落半径5m”。吊篮宜安装防护棚，防止高处坠物造成作业人员伤害。7.1.2高处作业交叉作业时，坠落半径内应设置安全防护棚或安全防护网等安全隔离措施。本题中建筑高度28m，坠落半径为5m，所以设置长度4m的安全防护棚不满足要求；D正确，高处作业吊篮安装和使用时，在10m范围内如有高压输电线路，应按照现行行业标准《施工现场临时用电安全技术规范》（JGJ46）的规定，采取隔离措施。故选C。
单选题,"[2022年][河南中安]一、单选题
19
标记
收藏

施工现场有限空间中可能存在大量有毒气体，作业人员接触后将会引起化学性中毒，导致伤亡。下列气体中，不属于有毒气体的是（    ）。",A.二氧化碳|B.二氧化硫|C.硫化氢|D.磷化氢,A,本题主要考查的是有毒有害气体。做题思路：结合生活常识以及对有限空间危险有害因素的辨识进行判断。 A不属于，二氧化碳本身没有毒性，浓度高时可能导致人窒息。BCD属于有毒气体。故选A。
单选题,[2022年][河南中安]某工程项目部计划安装10台塔式起重机，安装单位编制了塔式起重机安装工程生产安全事故专项应急预案。下列要素中，不属于该应急预案编制要素的是（    ）。,A.处置程序|B.处置措施|C.经济合理性分析|D.事故风险分析,C,本题主要考查的是专项应急预案的内容。可考察案例。做题思路：安全第一，不考虑经济因素。 C不属于，ABD属于，专项应急预案主要内容包括：①事故风险分析；②应急指挥机构及职责；③处置程序；④处置措施。故选C。
单选题,[2022年][河南中安]根据《建设工程施工现场消防安全技术规范》（GB50720），该工程应在适当楼层增设临时中转水池及加压水泵，中转水池的最小有效容积不应少于（    ）。,A.5m3|B.10m3|C.15m3|D.20m3 E 25m3,B,本题主要考查的是《建设工程施工现场消防安全技术规范》。属于超纲内容。 B正确，根据《建设工程施工现场消防安全技术规范》（GB50720），5.3.4高度超过100m的在建工程，应在适当楼层增设临时中转水池及加压水泵。中转水池的有效容积不应少于10m3，上下两个中转水池的高差不宜超过100m。故选B。
多选题,[2022年][河南中安]根据施工现场的作业条件，在基坑施工阶段使用混凝土泵车进行混凝土浇筑作业，选择混凝土泵车安放位置时，应该考虑的情况有（    ）。,A.对建筑基坑的影响|B.与输电线路的安全距离|C.场地的平整度和承载能力|D.施工现场高处作业吊篮的安全使用 E 与现场作业的塔式起重机和旋挖钻机有干涉,ABC,本题主要考查的是现场作业时施工机具的安装要求。属于高频考点。做题思路：在地面上安装的设备与高处作业设备没有直接关联。 ABC正确，根据施工现场的作业条件，在基坑施工阶段使用混凝土泵车进行混凝土浇筑作业，选择混凝土泵车安放位置时，除了要考虑混凝土泵车安放位置对基坑的影响外，还要根据《建筑机械使用安全技术规程》（JGJ33），停放在平整坚实的地方，与沟槽和基坑的安全距离应符合使用说明书的要求；并且臂架回转范围内不得有障碍物，与输电线路的安全距离应符合现行行业标准《施工现场临时用电安全技术规范》（JGJ46）的有关规定；E正确，根据《建筑机械使用安全技术规程》（JGJ33），塔式起重机的基础应排水通畅，并应按专项方案与基坑保持安全距离；而旋挖钻机作业地面应坚实平整，作业过程中地面不得下陷，工作坡度不得大于2°。故选ABCE。
多选题,[2022年][河南中安]下列专项施工方案中，属于危险性较大的分部分项工程专项方案的有（    ）。,A.季节性施工专项方案|B.施工升降机安装专项方案|C.高处作业吊篮安装专项方案|D.塔式起重机安装专项方案 E 附着式升降脚手架安装专项方案,BCD,本题主要考查的是危大工程的判断。属于高频考点。做题思路：大型设备的安拆、高处作业的吊篮和脚手架均属于危大工程。 A不属于，BCDE属于，根据《危险性较大的分部分项工程安全管理办法》附件，起重吊装及安装拆卸工程及脚手架工程属于危险性较大的分部分项工程。而其中施工升降机安装、塔式起重机安装、附着式升降脚手架安装属于起重吊装及安装拆卸工程；高处作业吊篮安装属于脚手架工程。季节性施工未包含在危险性较大的分部分项工程中。故选BCDE。
多选题,"[2022年][河南中安]5
标记
收藏

塔式起重机安装检测合格后，总承包单位组织相关单位进行验收，应参加验收的单位有（    ）。",A.监理单位|B.使用单位|C.建设单位|D.设备出租单位 E 设备安装单位,ABD,本题主要考查的是塔吊安装完成后的联合验收单位。属于高频考点。做题思路：所有的设备安装均是安装、使用、租赁、监理、总包单位进行验收。也就是常说的“五方联合验收”。 根据《建筑施工塔式起重机安装、使用、拆卸安全技术规程》（JGJ196），3.4.18塔式起重机经自检、检测合格后，应由总承包单位组织出租、安装、使用、监理等单位进行验收，并应按本规程附录B填写验收表，合格后方可使用。故选ABDE。
单选题,[2023年][河南中安]高处坠落是建筑施工领域的多发事故类别，加强安全防护是减少高处坠落事故的有效手段。关于预防高处坠落事故的安全要求，错误的是（ ）。,A.攀登作业前，应对作业人员进行安全技术交底|B.通道附近的洞口，应悬挂安全警示标志，夜间设红灯警示|C.高处作业前，应对安全防护设施进行验收合格后方可进行作业|D.脚手架搭设时，作业人员应佩戴三点式安全带，并按规定正确使用,D,本题主要考查的是高处作业时高处坠落危害的措施，属于高频考点。做题思路：高处作业的注意事项及要求需要明确，包括人员教育和交底、周边环境及劳动防护用品的配备。D错误，错在“三点式安全带”根据住房和城乡建设部关于发布《房屋建筑和市政基础设施工程危及生产安全施工工艺、设备和材料淘汰目录（第一批）》的公告，三点式安全带属于禁止使用工艺。高处作业应使用五点式安全带。故选D。
单选题,[2023年][河南中安]某工程基坑开挖深度8m，采用微型垂直复合土钉墙支护结构。下列该基坑开挖及支护的做法中，正确的是（ ）。,A.微型桩深入坑底长应800㎜|B.土方开挖作业面与土钉高差900㎜|C.喷射混凝土面层时，钢筋网片紧贴坡面|D.按设计规定的施工顺序和开挖深度分层开挖,D,本题主要考查的是基坑开挖及支护的安全技术要求，属于高频考点。A错误，错在“800mm”。根据《建筑基坑支护技术规程》JGJ120-2012，5.3.10采用微型桩垂直复合土钉墙时，微型桩应符合下列要求：微型桩伸入坑底的长度宜大于桩径的5倍，且不应小于1m；微型桩应与喷射混凝土面层贴合；B错误，错在“高差900mm”。锚杆、土钉的施工作业面与杆、土钉的高差不宜大于500㎜；C错误，错在“钢筋网片紧贴坡面”。在喷射混凝土前，面层内的钢筋网片牢固固定在边坡壁上并符合规定的保护层厚度的要求；D正确，8.1.1基坑开挖应符合下列规定：2应按支护结构设计规定的施工顺序和开挖深度分层开挖。故选D。
单选题,[2023年][河南中安]爬升模板施工，项目部编制了爬升模板专项施工方案。根据《建筑施工模板安全技术规范》(GJ162)，关于爬升模板构造与安装的要求正确的是（ ）。,A.大模板爬升时，新浇混凝土强度应达到1.00N/mm²以上|B.爬升模板的外侧脚手架应满铺脚手板，脚手架外侧应设防护栏杆和安全网|C.爬升系统所有螺栓孔均应安装螺栓，螺栓应采用30～40N·m的扭矩紧固|D.爬升模板安装顺序应为底座、立柱、大模板、爬升设备、模板外侧脚手架,B,本题主要考查的是爬模的安全技术要求。根据《建筑施工模板安全技术规范》JGJ162-2008，A错误，错在“1.00N/mm²”。6.4.3大模板爬升时，新浇混凝土的强度不应低于达到1.2N/mm²；B正确，6.4.6爬模的外附脚手架或悬挂脚手架应满铺脚手板，脚手架外侧应设防护栏杆和安全网。爬架底部亦应满铺脚手板和设置安全网；C错误，错在“30～40N·m”。6.4.9所有螺栓孔均应安装螺栓，螺栓应采用50～60N·m的扭矩紧固；D错误，错在“安装顺序错误，大模板与爬升设备的安装顺序排反了”。6.4.2爬升模板的安装顺序应为底座、立柱、爬升设备、大模板、模板外侧脚手架。故选B。
单选题,[2023年][河南中安]建筑物屋面造型多样、形式复杂，给施工安全带来一定难度，是高处坠落事故的多发部位，应按照高处作业要求做好安全防护。关于屋面作业安全防护的说法，正确的是（ ）,A.在轻质型材屋面上行走时，应穿防滑鞋|B.轻质型材屋面安装前，应在梁下支设安全平网|C.斜屋面的临边防护栏杆应采用安全平网全封闭|D.平屋面女儿墙高度0.80m，可不设安全防护设施,B,本题主要考查的是屋面作业安全防护要求。A错误，错在“在轻质型材屋面上行走”。在轻质型材等屋面上作业，应搭设临时走道板，不得在轻质型材上行走；C错误，错在“安全平网”。斜屋面的临边防护栏杆应采用安全立网全封闭；D错误，错在“0.8m不设安全防护”。女儿墙高度一般不得低于1.1m，最高不得大于1.5m。女儿墙高度0.8m时，需要设置安全防护设施。故选B。
单选题,"[2023年][河南中安]施工现场常见的事故类别有：高处坠落、物体打击、起重伤害、机械伤害和坍塌等。下表中列举了4种生产安全事故情况：


根据《企业职工伤亡事故分类》（GB6441），上述事故情况与事故类别判定正确的是（ ）。",A.①－机械伤害，②－坍塌，③－物体打击，④－起重伤害|B.①－起重伤害，②－坍塌，③－机械伤害，④－物体打击|C.①－机械伤害，②－坍塌，③－起重伤害，④－物体打击|D.①－起重伤害，②－坍塌，③－物体打击，④－机械伤害,B,本题主要考查的是《企业职工伤亡事故分类》（GB 6441）的事故分类，属于高频考点。在选择和案例题的均可考察。做题思路：了解20类中和建筑施工相关的几项即可，对其中的除外情况必须清楚。B正确，根据《企业职工伤亡事故分类》（GB6441）：（1）起重伤害，指各种起重作业（包括起重机安装检修、试验）中发生的挤压、坠落（吊具、吊重）、物体打击等。所以①是起重伤害；（2）坍塌，指物体在外力或重力作用下，超过自身的强度极限或因结构稳定性破坏而造成的事故如挖沟时的土石塌方、脚手架坍塌、堆置物倒塌等，不适用于矿山冒顶片帮和车辆、起重机械爆破引起的坍塌。所以②是坍塌；（3）机械伤害，指机械设备运动（静止）部件、工具、加工件直接与人体接触引起的夹击、碰撞剪切、卷入、绞、碾、割、刺等伤害，不包括车辆、起重机械引起的机械伤害。所以③是机械伤害；（4）物体打击，指物体在重力或其他外力的作用下产生运动，打击人体，造成人身伤亡事故，不包括因机械设备、车辆、起重机械、坍塌等引发的物体打击。所以④是物体打击。故选B。
单选题,[2023年][河南中安]卷筒是塔式起重机起升机构的一个重要零部件。电动机工作时卷筒将缠绕在其上的钢丝绳卷进或放出，通过滑轮组使悬挂于吊钩上的物品起升或下降。下列卷筒安全使用的做法中错误的是（ ）。,A.卷筒设置了钢丝绳防脱槽装置|B.卷筒上钢绳尾部采用楔形接头固接|C.卷筒两侧边缘超出最外层钢丝绳的高度是钢丝绳直径的3倍|D.卷筒钢丝绳在放出最大工作长度后，卷筒上的钢丝绳保留2圈,D,本题主要考查的是塔吊卷筒的安全技术要求，属于高频考点。做题思路：虽有超出的内容，但考点是教材所学的知识点。一切不能脱离教材知识点。D错误，错在“2圈”。卷筒钢丝绳在放出最大工作长度后，卷筒上的钢丝绳保留3圈。故选D。
单选题,[2023年][河南中安]某建筑工程采用承插型盘扣式钢管搭设模板支撑体系。在搭设前，项目部提出了构配件的验收要求及相关数据指标。关于构配件验收的说法，错误的是（ ）。,A.冲压件不得有毛刺、裂纹、氧化皮等缺陷|B.钢管应无裂纹、凹陷、锈蚀，不得采用接长钢管|C.钢管应平直，直线度允许偏差为管长的1/200，两端面应平整|D.架体杆件及构配件表面应镀锌或涂刷防锈漆，涂层应均匀、牢固,C,本题主要考查的是构配件验收的要求。做题思路：虽然相关知识点超出教材内容，但大部分是所讲的内容。也是常识性知识点，对未学过的知识点需要保持敏感，尤其是未见过的数字。C错误，错在“1/200”。根据《建筑施工承插型盘扣式脚手架安全技术规范》JGJ231，钢管应平直，直线度允许偏差应为管长的1/500，两端面应平整，不得有斜口、毛刺。故选C。
单选题,[2023年][河南中安]为保证桥式起重机作业安全，某钢结构加工场编制了安全使用规定。关于桥式起重机安全使用的要求，错误的是（ ）。,A.起重机行走时，两侧驱动轮应保持同步|B.司机室门打开时，起重机应自动切断电源不能运行|C.为防止运行脱轨，应在轨道端头设置行程限位及止挡装置|D.双小车联动作业，一小车起升高度限位器动作时，不影响另一小车正常运行,D,本题主要考查的是桥式起重机的安全要求。做题思路：和塔式起重机构造和使用均不同，虽然超纲，但安全技术要求也有相通之处。可参考塔式起重机的部分内容进行作答。A正确，根据《建筑机械使用安全技术规程》JGJ33-2012，4.6.12起重机行走时，两侧驱动轮应保持同步，发现偏移应及时停止作业，调整修理后继续使用；B正确，根据《起重机械安全规程》GB6067.1-2010，9.5.1进入桥式起重机和门式起重机的门，和从司机室登上桥架的舱口门，应联锁保护：当门打开时，应断开由于机构动作可能会对人员造成危险的机构的电源；C正确，9.2.10在轨道上运行的起重机的运行机构、超重小车的运行机构及起重机的变幅机构等均应装设缓冲器或缓冲装置。缓冲器或缓冲装置可以安装在起重机上或轨道端部止挡装置上。轨道端止挡装置应牢固可靠，防止起重机脱轨；D错误，错在“不影响”。根据《通用桥式起重机》（GBT14405-1993）规定，双小车起重机，两个小车相同机构的操纵应是既可联动，也可单独开动。双小车联动作业，一小车起升高度限位器动作时，另一小车同时停止。故选D。
单选题,[2023年][河南中安]起重吊装作业是工程项目安全生产管理的重点。根据《建筑施工起重吊装工程安全技术规范》(GJ276)，关于起重吊装作业的安全要求，正确的是（ ）。,A.吊装屋架时，绑扎点应设置在节点上|B.吊装钢梁时，应在构件一端绑扎溜绳|C.竖直吊装构件时，吊点应略低于构件的重心|D.采用双机抬吊时，单机载荷不得超过额定起重量的90%,A,本题主要考查的是起重吊装作业的安全要求。做题思路：结合正常的施工作业安全要求。B错误，错在“一端绑扎溜绳”。吊装钢梁时，应在构件两端绑扎溜绳；C错误，错在“略低于构件的重心”。竖直吊装构件时，吊点应通过构件的重心；D错误，错在“90%”。采用双机抬吊时，单机载荷不得超过额定起重量的80%。故选A。
单选题,"[2023年][河南中安]一、单选题
10
标记
收藏
某城市轨道交通工程暗挖车站位于富水软弱地层，为最大限度减少地下水对车站的不利影响，下列暗挖车站结构形式中，防水、受力效果好的是（ ）。",A.单拱式|B.分式|C.双连拱式|D.三连拱式,A,本题主要考查的是暗挖车站的方式。属于超纲知识点。A正确，当车站位于富水软弱地层中时，应充分考虑地下水的影响，减少地下水在施工过程中和施工完成后对车站的不利影响，尽量选取防水、受力效果好的单拱结构形式。故选A。
单选题,[2023年][河南中安]土方机械在土方开挖阶段被广泛使用。根据《建筑机械使用安全技术规程》（GJ33）关于土方机械安全使用的说法，错误的是（ ）。,A.雨季施工时，土方机械应停放在地势较低的坚实位置|B.机械作业时，配合清底、修坡人员应在机械回转半径以外作业|C.作业前应检查施工现场，查明地上、地下管线和构筑物的状况|D.土方机械进入现场前，应查明行驶线路上桥梁、涵洞的承载能力和通行高度,A,本题主要考查的是土方机械安全使用。做题思路：常识性知识点，结合安全要求即可。A错误，错在“地势较低”。根据《建筑机械使用安全技术规程》JGJ33-2012，5.1.11雨期施工时，机械应停放在地势较高的坚实位置；B正确，5.1.10机械回转作业时，配合人员必须在机械固转半径以外工作。当需在回转半径以内工作时必须将机械停止回转并制动；C正确，5.1.4作业前，必须查明施工场地内明、暗铺设的各类管线等设施，并应采用明显记号标识。严禁在离地下管线、承压管道1m距离以内进行大型机械作业；D正确，5.1.2机械进入现场前，应查明行驶路线上的桥梁、涵洞的上部净空和下部承载能力，确保机械安全通过。故选A。
单选题,"[2023年][河南中安]一、单选题
12
标记
收藏
某建筑工程地下室临时用电主电缆沿钢索敷设。根据《施工现场临时用电安全技术规范》(JGJ46)，该电缆距地面高度不得小于（ ）m。",A.1.80|B.2.00|C.2.20|D.2.50,D,本题主要考查的是电缆距地面高度。纯数字考察。D正确，室内非埋地明敷主干线距地面高度不得小于2.5m。故选D。
单选题,"[2023年][河南中安]某建筑工程搭设架体高度18m的悬挑脚手架，项目专职安全生产管理人员对该脚手架进行了安全检查，具体情况如表所示：


根据《建筑施工扣件式钢管脚手架安全技术规范》（JGJ130），上述检查情况中，存在隐患的检查项目是（ ）。",A.扣件|B.连墙件|C.剪刀撑|D.悬挑钢梁,D,本题主要考查的是扣件式钢管脚手架的安全要求。属于高频考点。做题思路：纯数字的考察。需要对数字有一个深刻的记忆。根据《建筑施工扣件式钢管脚手架安全技术规范》JGJ130-2011，A正确，（1）螺栓拧紧扭力矩不应小于40N·m，且不应大于65N·m；B正确，（2）连墙件应靠近主节点设置，偏离主节点的距离不应大于300㎜；C正确，（3）每道剪刀撑斜杆与地面的倾角应在45°～60°之间；搭接接长时，搭接长度不应小于1m，并应采用不少于2个旋转扣件固定。端部扣件盖板的边缘至杆端距离不应小于100㎜；D错误，错在“工字钢截面高度不满足要求”（4）型钢悬挑梁宜采用双轴对称截面的型钢。悬挑钢梁型号及锚固件应按设计确定，钢梁截面高度不应小于160㎜。故选D。
单选题,[2023年][河南中安]某建筑工程设置了临时用电配电室，单面操作配电柜采用双列面对面布置，其中通道①宽度1.20m，通道②宽度2.10m，通道③宽度0.60m，通道④宽度1.10m，现场布置简图如下。根据《施工现场临时用电安全技术规范》(JGJ46)，通道宽度不符合要求的是（ ）。,A.通道①|B.通道②|C.通道③|D.通道④,C,本题主要考查的是临时用电配电室的布置。属于高频考点。做题思路：纯数字的考察。需要对数字有一个深刻的记忆。配电室布置应符合下列要求：B符合，（1）配电柜正面的操作通道宽度，单列布置或双列背对背布置不小于1.5m，双列面对面布置不小于2m；C不符合，错在“间距0.6m，不满足维修要求”（2）配电柜后面的维护通道宽度，单列布置或双列面对面布置不小于0.8m，双列背对背布置不小于1.5m，个别地点有建筑物结构凸出，此点通道宽度可减少0.2m；A符合，（3）配电柜侧面的维护通道宽度不小于1m；D符合，（4）配电室内设置值班或检修室时，该室边缘距配电柜的水平距离大于1m，并采取屏障隔离。故选C。
单选题,[2023年][河南中安]某建筑公司安全生产管理部门在施工现场检查中，发现各单体建筑物内电梯井采取了不同的防护措施。下列防护措施的做法中，正确的是（ ）。,A.电梯井内首层设置一道水平安全网|B.电梯井内的施工层上部设置隔离防护设施|C.电梯井防护门底端距地面高度为100㎜|D.电梯井内每隔三层设置一道水平安全网,B,本题主要考查的是电梯井的安全防护措施。属于高频考点。做题思路：电梯井的防护包括水平和垂直防护，外部一般是1.5米高的定型化防护，内部主要防止人员和物料坠落。A错误，错在“一道水平安全网”。电梯井首层应设置双层水平安全网，两层网之间的间距为600㎜；B正确，电梯井内的施工层上部，应设置隔离防护设施；C错误，错在“100mm超过了安全要求”。电梯井口应设置防护门，其高度不应小于1.5m，防护门底端距地面高度不应大于50㎜，并应设置挡脚板；D错误，错在“三层设一道水平安全网”。电梯井道内应每隔10m且不大于2层加设一道水平安全网。故选B。
单选题,[2023年][河南中安]盾构法施工，隧道中采用轨道电机车运送管片、钢轨、轨枕等材料和出渣土。关于轨道运输的安全要求，错误的是（ ）。,A.电机车停车时，铁楔应卡住电机车车轮，不得卡住拖车车轮|B.电机车起步、转弯时应鸣笛示警，控制好速度|C.轨道轨枕和管片上的螺栓应保持固定或焊接|D.电机车进出隧道时严禁搭乘各类人员,A,本题主要考查的是盾构法施工的相关轨道运输要求。A错误，错在“铁楔卡住的是电机车车轮”。在电机车停下时，后面拖车车轮必须用铁楔或木楔卡住车轮，严防溜车，特别是在盾构机位置，电机车与盾构机之间几乎没有空隙，稍不注意人员就可能挤卡在中间。故选A。
单选题,[2023年][河南中安]某建筑工程落地式卸料平台搭设完成后，项目部组织了相关人员进行验收。根据《危险性较大的分部分项工程安全管理规定》(住房和城乡建设部令第37号)，负责卸料平台验收签字确认的人员是（ ）。,A.项目负责人和总监理工程师|B.项目负责人和专业监理工程师|C.项目技术负责人和总监理工程师|D.项目技术负责人和专业监理工程师,C,本题主要考查的是卸料平台的验收。属于高频考点。做题思路：卸料平台属于危大的分部分项工程，不是单纯的脚手架，验收需要项目技术负责人和总监签字。C正确，根据《危险性较大的分部分项工程安全管理规定》第二十一条，对于按照规定需要验收的危大工程，施工单位、监理单位应当组织相关人员进行验收。验收合格的，经施工单位项目技术负责人及总监理工程师签字确认后，方可进入下一道工序。故选C。
单选题,[2023年][河南中安]高处作业吊篮是幕墙施工常用的一种工具式脚手架。下列吊篮安全使用做法中，正确的是（ ）。,A.使用高处作业吊篮运送物料|B.吊篮作业时，下方设置隔离区和警告标志|C.电焊机放置在吊篮平台中间进行电焊作业|D.吊篮内的作业人员将安全带的安全锁扣挂在安全钢丝绳上,B,本题主要考查的是吊篮的安全使用要求。属于高频考点。做题思路：吊篮不能运人和物料，最多2人在上面作业。其电源独立，只能供给吊篮上下使用。A错误，错在“用吊篮运送物料”。不得将吊篮作为垂直运输设备，不得采用吊篮运送物料，C错误，错在“电焊机放在了吊篮里”。在吊篮内进行电焊作业时，应对吊篮设备、钢丝绳、电缆采取保护措施；不得将电焊机放置在吊篮内；电焊缆线不得与吊篮任何部位接触；电焊钳不得搭挂在吊篮上；D错误，错在“安全带挂在安全钢丝绳上”。吊篮内的作业人员应佩戴安全帽，系安全带，并应将安全锁扣正确挂置在独立设置的安全绳上。故选B。
单选题,[2023年][河南中安]有限空间自然通风不良，易造成有毒有害物质聚集或氧含量不足，为确保作业人员安全必须采取相应的安全措施。关于有限空间作业安全措施的说法，错误的是（ ）。,A.应明确有限空间作业负责人|B.应明确有限空间作业监护人|C.为增加有限空间氧含量可输入纯氧|D.为保证氧含量应全过程进行通风换气,C,本题主要考查的是有限空间的安全作业要求。做题思路：从通风、监测、监护、防护用品使用等等多角度考虑人员安全。C错误，错在“纯氧输入到有限空间内”根据《危险化学品企业特殊作业安全规范》(GB30871)6.3，作业前，应确保受限空间内的气体环境满足作业要求，不应向受限空间充纯氧气或富氧空气。故选C。
单选题,"[2023年][河南中安]1
标记
收藏
根据《企业职工伤亡事故分类》(G",B.6441-1986)，该起事故的类别应为（ ）。|A.物体打击|B.机械伤害|C.起重伤害|D.高处坠落 E 其他伤害|A.轻微事故|B.一般事故|C.较大事故|D.重大事故 E 特别重大事故,C,本题主要考查的事故类别的判定（6441），属于高频考点。做题思路：结合案例背景的描述，判断属于什么事故。C正确，本事故类别应为塔式起重机在安装顶升过程中出现的生产安全事故，事故类别为起重伤害。故选C。
单选题,"[2023年][河南中安]1
标记
收藏
根据《企业职工伤亡事故分类》(G",B.6441-1986)，该起事故的类别应为（ ）。|A.物体打击|B.机械伤害|C.起重伤害|D.高处坠落 E 其他伤害|A.轻微事故|B.一般事故|C.较大事故|D.重大事故 E 特别重大事故,B,本题主要考查的是事故等级判定，属于高频考点。做题思路：既要考虑人员死亡、重伤、直接经济损失，同时还需要考虑特种设备事故的性质，两者取大。B正确，本事故造成一死三伤及安装人员一伤的事故，属于一般事故。故选B。
多选题,[2023年][河南中安]根据特种设备相关管理规定中列说法正确的有（ ）。,A.塔式起重机应取得特种设备制造许可证，塔式起重机安装和顶升施工单位应取得特种设备安装改造维修许可证|B.塔式起重机的安装和顶升作业应到相应监督管理部门办理开工告知手续|C.应由持证人员甲带领其他人员进行顶升作业|D.塔式起重机安装后应当经有相应资质的检验检测机构监督检验合格 E 塔式起重机安装和顶升作业应制定施工方案，并经过建设单位批准,AD,本题主要考查的是塔吊的安装前的相关要求，属于高频考点。做题思路：方案先行，编制-审核-批准-交底，同时安装前一切手续和要求都需要办理。B错误，错在“办理开工告知手续”。塔式起重机的安装和顶升作业不需到相应监督管理部门办理开工告知手续；C错误，错在“塔吊安装人员均属于特种作业人员，不能仅一人持证”。塔式起重机的安装顶升作业工作人员均应持证上岗；E错误，错在“建设单位批准”。塔式起重机安装和顶升作业应制定专项施工方案，并经过监理单位批准。故选AD。
单选题,[2023年][河南中安]进行塔式起重机顶升作业时，以下说法正确的是（ ）。,A.作业时使小车运行至限位装置位置后自动停止|B.在吊物荷载达到额定载荷的90%时，应先将吊物吊离地面1m后，检查机械状况、制动性能、物件绑扎情况等，确认无误后方可起吊|C.吊钩应安装行程限位装置并应完整可靠，吊钩的磨损、变形应在规定允许范围内|D.标有绑扎位置或记号的物件，应按标明位置绑扎，钢丝绳与物件的夹角为45°～60°，且不得小于30° E 塔吊的重要部件和安全装置等应进行经常性检查，每月不得少于一次，并应留有记录，发现有安全隐患时应及时进行整改,D,本题主要考查的是塔吊相关的安全技术要求，属于高频考点。A错误，错在“用限位装置停车”。在吊钩提升、起重小车或行走运行到限位装置前，均应减速缓行到停止位置，并应与限位装置保持一定距离；B错误，错在“吊离地面1m”。在吊物载荷达到额定载荷的90%时，应先将吊物吊离地面200mm～500mm后检查机械状况、制动性能、物件绑扎等情况，确认无误后方可起吊；C错误，错在“给吊钩安装行程限位装置”。吊钩应安装钢丝绳防脱钩装置并应完整可靠，吊钩的磨损、变形应在规定允许范围内。故选DE。
多选题,"[2023年][河南中安]3
标记
收藏
根据特种设备相关管理规定中列说法正确的有（ ）。",A.塔式起重机应取得特种设备制造许可证，塔式起重机安装和顶升施工单位应取得特种设备安装改造维修许可证|B.塔式起重机的安装和顶升作业应到相应监督管理部门办理开工告知手续|C.应由持证人员甲带领其他人员进行顶升作业|D.塔式起重机安装后应当经有相应资质的检验检测机构监督检验合格 E 塔式起重机安装和顶升作业应制定施工方案，并经过建设单位批准|A.作业时使小车运行至限位装置位置后自动停止|B.在吊物荷载达到额定载荷的90%时，应先将吊物吊离地面1m后，检查机械状况、制动性能、物件绑扎情况等，确认无误后方可起吊|C.吊钩应安装行程限位装置并应完整可靠，吊钩的磨损、变形应在规定允许范围内|D.标有绑扎位置或记号的物件，应按标明位置绑扎，钢丝绳与物件的夹角为45°～60°，且不得小于30° E 塔吊的重要部件和安全装置等应进行经常性检查，每月不得少于一次，并应留有记录，发现有安全隐患时应及时进行整改|A.安全锁|B.起升高度限位器|C.力矩限制器|D.起重量限制器 E 减速器,BCD,本题主要考查的是塔吊的安全保护装置，属于高频考点。做题思路：和吊篮、施工升降机的安全保护装置区分开。BCD正确，塔式起重机的安全保护装置包括：力矩限制器、起重量限制器、幅度限位器、行走限位器、起升高度限位器。安全锁、减速器不属于塔式起重机的安全保护装置。故选BCD。
单选题,[2024年][河南中安]塔式起重机安全保护装置的作用是避免因误操作造成严重后果，其中可以保证小车在到达臂架头部或臂架根端之前停车的安全保护装置是（    ）。,A.行走限位器|B.起重量限制器|C.回转限位器|D.幅度限位器,D,本题主要考查的是塔式起重机各个安全保护装置的作用。属于高频考点，可以查考案例默写。幅度限位器。用以使小车在到达臂架头部或臂架根端之前停车，防止小车越位事故的发生。对于动臂变幅式塔式起重机，设置臂架低位置和臂架高位置的限位开关，用以防止俯仰变幅臂架在变幅过程中，由于误操作而使臂架向上仰起过度，导致整个臂架向后翻倒事故。故选D。
单选题,[2024年][河南中安]某起重机械安装公司根据施工现场情况编制SC200/200施工升降机拆卸专项施工方案，明确了拆卸作业的安全要求。关于施工升降机拆卸作业的说法，错误的是（    ）。,A.拆卸作业时施工升降机司机应在梯笼内操作|B.拆卸场地周围应设置警戒线和安全警示标志|C.拆卸前应对施工升降机的关键部件进行检查|D.拆卸作业时不得采用投掷的方式传递工具,A,本题主要考查的是施工升降机拆卸作业的注意事项，属于垂直运输机械的通用的要求。做题思路：和实际作业时的要求不相符的均是错误的。A错误，错在“拆卸作业时，施工升降机司机应在梯笼顶部操作”。根据相关规定，施工升降机安装或拆卸过程中，必须在笼顶操作，不允许在笼内操作。故选A。
单选题,[2024年][河南中安]（超纲）施工升降机是建筑施工用于载人（货）的垂直运输机械。根据《吊笼有垂直导向的人货两用施工升降机》（GB/T26557），关于施工升降机安全使用的说法，错误的是（    ）。,A.地面防护围栏高度应不小于1.80m|B.吊笼门开口的净高度应不小于2m|C.地面防护围栏外应设置停机装置|D.吊笼和对重运行通道的最下方应安装缓冲器,A,"A正确，防护围栏高度不应小于1.8m,围栏立面可采用网板结构,强度应符合规范要求；B错误，错在“吊笼门开口的净高度应不小于2m”。吊笼门开口的净高度不应小于1.8m,净宽度不应小于0.6m；C正确，应设有使升降机(包括动力驱动的门)停机和保持在非工作状态的停机装置。停机装置应设置在:a)底部防护围栏外；b)滑轮间(如果有。滑轮间指仅装设滑轮或限速器和电气设备的房间)；c)吊笼顶，如果吊笼顶预定可使用；d)安装/拆卸/维护/检查控制装置中；e)吊笼内。故选B。"
单选题,[2024年][河南中安]某基坑工程采用多种机械设备完成土方施工任务。下列土石方机械设备安全作业要求中，正确的是（    ）。,A.装载机作业时，轮胎距基坑边缘的距离应大于1m|B.两台推土机在同一区域作业时，前后距离不得小于6m|C.两台铲运机在同一区域平行作业时，左右距离不得小于2m|D.挖掘机拉铲作业时，履带到工作面边缘的距离不得小于0.50m,C,本题主要考查的是《建筑施工土石方工程安全技术规范》（JGJ180-2009），是土方施工机械在作业时的要求，其实就是数字的考察。A错误，错在“装载机作业时，轮胎距基坑边缘的距离应大于1.5m”。装载机在边坡、壕沟、凹坑卸料时，轮胎距沟、坑边缘的距离应大于1.5m；B错误，错在“两台推土机在同一区域作业时，前后距离不得小于8m。”两台推土机在同一区域作业时，前后距离不得小于8m，左右距离应大于1.5m；C正确，两台铲运机在同一区域平行作业时，左右距离不得小于2m，前后距离不得小于10m；D错误，错在“挖掘机拉铲作业时，履带到工作面边缘的距离不得小于1m”。故选C。
单选题,[2024年][河南中安]（超纲）高空作业车是施工现场常用的机械设备，使用不当容易发生事故。关于高空作业车安全使用的各种说法，正确的是（    ）。,"A.用支腿进行调平的作业车，支腿收回时应保持伸展|B.作业高度大于30m的作业车，工作平台上应设置风速测量仪|C.采用液压支腿的作业车,液压管路发生故障时应能自动收回支腿|D.用支腿进行调平的作业车,支腿和伸展机构应设置各自独立的锁定装置",B,"A错误，错在“对于用支腿进行调平的作业车,应设有支腿和伸展机构互锁装置”。根据《高空作业车》（GB/T 9465-2018 ）5.7.2，对于用支腿进行调平的作业车,应设有支腿和伸展机构互锁装置。在支腿展开调平并支撑可靠之前,臂架应不能伸展；在臂架未收回到支承托架之前，下车支腿应不能收回；B正确，5.7.14最大作业高度大于30m的作业车,工作平台上应设风速测量仪。风速测量仪应设置在工作平台迎风处,当风速超过制造商规定的要求时,应有声光报警信号,报警声不应小于90dB(A)；C错误，错在“应设有防止液压管路发生故障时回缩的安全保护装置，而不是自动收回支腿”5.7.3作业车采用液压式支腿和伸展机构时,应设有防止液压管路发生故障时回缩的安全保护装置；D错误，错在“支腿和伸展机构互锁装置，而不是独立锁定”。用支腿进行调平的作业车，应设有支腿和伸展机构互锁装置。故选B。"
单选题,[2024年][河南中安]某建筑工程进入装修阶段、现场使用大量小型电动机械和手持电动工具。为保证用电安全、项目部采用链式接线方式增加现场分配电箱数量。下列增设分配电箱的接线做法中，正确的是（    ）。,A.在总配电箱进线端并接|B.在总配电箱分路进线端并接|C.在分配电箱进线端并接|D.在开关箱进线端并接,C,本题主要考查的是链式接线方式的特点。C正确，链式接线方式是指将供电线路串联在一起，依次向后供电的方式。一般适用于供电线路较长，供电负荷较小的场合，供电线路在分配电箱进线上桩头并接。链式接线方式的特点与树干式基本相同，链式相连的用电设备一般不宜超过5台，链式相连的配电箱不宜超过3台，且总容量不宜超过10kW。故选C。
单选题,[2024年][河南中安]漏电保护器是防止人员触电的重要保护装置。当施工现场开关箱选用辅助电源发生故障不能自动断开的辅助电源型（电子式）漏电保护器时，应同步设置的保护装置是（    ）。,A.过载保护装置|B.隔离保护装置|C.防雷保护装置|D.缺相保护装置,D,D正确，漏电保护器的结构选型，优先选用无辅助电源型(电磁式)产品，或选用辅助电源故障时能自动断开的辅助电源型(电子式)产品。若选用辅助电源故障时不能断开的辅助电源型(电子式)产品，必须同时设置与其相配套的缺相保护装置。故选D。
单选题,[2024年][河南中安]施工现场临时用电采用TN-S接零保护系统。根据《施工现场临时用电安全技术规范》（JGJ46），关于工作接地的说法，错误的是（    ）。,A.中性点接地不能防止零序电压偏移|B.中性点接地可保持三相电压基本平衡|C.电力系统的中性点可直接与大地相连|D.中性点接地对低压系统可方便地使用单相电源,A,本题主要考查的是中性点接地的作用。做题思路：对TN-S系统的特点要熟悉，对中性点接地在TN系统中的作用要清晰。A错误，错在“不能防止零序电压偏移”。中性点接地能防止零序电压偏移；B正确，中性点接地能保持三相电压基本平衡；D正确，中性点接地能对低压系统可方便地使用单相电源；C正确，工作接地是指将电力系统的某点(如中性点)直接与大地相连，或经消弧线圈、电阻等与大地金属连接。故选A。
单选题,[2024年][河南中安]某工程项目专职安全生产管理人员对施工现场防护设施进行专项检查。根据《建筑施工高处作业安全技术规范》（JGJ80），下列检查记录中，存在问题的是（    ）。,A.施工升降机与建筑物间的停层平台两侧边设防护栏杆、挡脚板，并采用密目式安全立网封闭|B.落地式双排脚手架采用密目式安全立网全封闭，立网设置在脚手架内侧立杆上|C.外设楼梯口安装了防护栏杆、挡脚板，并采用密目式安全立网封闭|D.阳台临空一侧设置了防护栏杆、挡脚板，并采用工具式栏板封闭,B,本题主要考查的是临边作业的要求，虽不是考试的重点，是却是施工中的实际要求。B错误，错在“立网设置在脚手架内侧立杆上”。落地式双排脚手架采用密目式安全立网全封闭，立网设置在脚手架外侧立杆上。故选B。
单选题,[2024年][河南中安]某住宅工程建筑高度27m，正在进行顶楼结构施工。为保证人员进出安全，项目部在建筑物通道口搭设了双层木板安全防护棚。下列防护棚搭设做法中，错误的是（    ）。,A.搭设高度3m|B.搭设长度8m|C.双层木板间距700mm|D.使用厚度50mm的双层木板,A,本题主要考查的是防护棚搭设的要求，同时也包括坠落半径的内容。是选择和案例题目的常考点。A错误，错在“搭设高度为3米”。当建筑物高度大于24m并采用木质板搭设时，应搭设双层安全防护棚。两层防护的间距不应小于700mm，安全防护棚的高度不应小于4m。故选A。
单选题,[2024年][河南中安]安全网是建筑施工现场重要的安全防护用品在工程不同部位广泛使用。下列安全网搭设方法中，正确的是（    ）。,A.电梯井内封闭防护的两层平网间距12m|B.绑扎在外脚手架上的立网系绳间距500mm|C.框架结构封闭防护的平网边绳系绳间距700mm|D.电梯井内封闭防护的平网网体与井壁的空隙30mm,C,本题主要考查的是安全网的搭设要求。数字属于不常考的内容。A错误，错在“间距12m”。两层平网间距离不得超过10m；B错误，错在“间距500mm”密目式安全立网搭设时，每个开眼环扣应穿入系绳，系绳应绑扎在支撑架上，间距不得大于450mm。相邻密目网间应紧密结合或重叠；C正确，平网每个系结点上的边绳应与支撑架靠紧，边绳的断裂张力不得小于7kN，系绳沿网边均匀分布，间距不得大于750mm；D错误，错在“空隙30mm”。电梯井内平网网体与井壁的空隙不得大于25mm。故选C。
单选题,[2024年][河南中安]（超纲）某市政工程管线沟槽开挖深度4m，土体类别为中密碎石，采用自然放坡方式进行土方开挖。根据《建筑施工土石方工程安全技术规范》（JGJ180），为保证安全，至少需要的放坡宽度是（    ）。,A.1.00m|B.2.00m|C.3.00m|D.4.00m,B,中密碎石土体，在开挖深度小于5米的情况下，自然放坡的坡率允许值在1:0.50至1:0.75之间，4×0.5=2m。故选B。
单选题,[2024年][河南中安]某工程模板支撑体系采用承插型盘扣式钢管脚手架。施工前，项目部编制了专项施工方案明确了安拆作业要求。关于支撑脚手架安拆作业的说法，错误的是（ ）。照“先立杆，后水平杆，再斜杆”的顺序安装应按,A.应按照“先立杆，后水平杆，再斜杆”的顺序安装|B.超过8m的支撑架，每搭完8m高度应检查验收|C.应按照“先装后拆，后装先拆”的原则拆除|D.搭设场地应平整、坚实，并设有排水措施,B,本题主要考查的是支撑脚手架安拆作业的要求。属于高频考点。B错误，错在“搭完8m高度进行检查验收”，超过8m的高支模每搭设完成6m高度后应检查和验收。故选B。
单选题,[2024年][河南中安]某建筑工程附着式升降脚手架架体高度13.50m，设有防倾覆、防坠落和同步升降控制等安全装置。下列防倾覆装置设置的做法中，正确的是（    ）。,A.防倾覆装置与导轨的间隙7mm|B.防倾覆装置与附墙支座牢固焊接|C.防倾覆导轨与竖向主框架可靠连接|D.最上和最下两个导向件的间距1.80m,C,本题主要考查的是附着式升降脚手架的搭设要求。A错误，错在“间隙7mm”。其装置与导向杆之间的间隙不应大于5mm；B错误，错在“焊接”。应用螺栓与附墙支座连接；C正确，在防倾覆导向件的范围内应设置防倾覆导轨，且应与竖向主框架可靠连接；D错误，错在“间距1.80m”。在升降和使用两种工况下，最上和最下两个导向件之间的最小间距不得小于2.8m或架体高度的1/4。故选C。
单选题,[2024年][河南中安]柱洞法是地铁车站暗挖施工常用的工法，施工内容包括：①中洞初支衬砌施工，二衬扣拱、底板施工；②两柱洞初支衬砌施工，底梁、钢管柱、顶梁防水及结构施工；③侧洞初支施工；④侧洞二衬施工。关于柱洞法的施工顺序，正确的（    ）。,A.①②③④|B.②①③④|C.③④①②|D.④③②①,B,本题主要考查的是柱洞法的施工顺序。属于非常规考点。答题思路：先撑后挖，先支后拆，二衬放最后，防水在中间。施工步序：先将隧道的两柱洞开挖初支衬砌完成，然后施作底梁防水及结构、钢管柱和顶梁防水及结构；然后进行中洞初支衬砌施工，并施作二衬扣拱及底板施工；第三步，施作侧洞初支；第四步，施作侧洞二衬。故选B。
单选题,[2024年][河南中安]盾构机开舱更换刀具是盾构法施工过程中比较危险的作业工序。关于开舱与刀具更换安全管理的说法，正确的是（    ）。,A.土舱内的照明应采用24V以下的安全电压|B.应在开舱点正前方设置位移和沉降监测点|C.盾构机前方土体不能自稳时应采取常压换刀|D.换刀作业时舱口内侧至少挂有一把斧头以备应急,A,本题主要考查的是盾构机作业中的安全管理要求。考察的都是细节点。B错误，错在“开舱点正前方设置位移和沉降监测点”。开舱过程应在开舱点垂直上方和重要建(构)筑物四周设置监测点，严密注视它们的位移和沉降情况；C错误，错在“常压换刀”。在地质条件比较稳定的情况下，一般采取常压换刀，土体不能自稳时，进行气压换刀；D错误，错在“舱口内侧”。作业人员进入土舱前要系上安全绳，在舱口外至少挂有一把斧头，以备发生紧急情况时在人员撤离后能及时砍断入舱的电线电缆等障碍物并关上舱门。故选A。
单选题,[2024年][河南中安]某装饰装修工程气体焊接和切割作业前，施工单位对作业人员进行了防火安全技术交底。下列防火安全要求中，正确的是（    ）。,A.乙炔气空瓶和氧气实瓶同库存放时，间距不应小于1m|B.动火证当日有效，动火证上规定的动火地点不得超过3处|C.动火前要清除附近易燃物，必须设置看火人员并配备灭火用具|D.氧气瓶、乙炔气瓶工作间距不应小于10m，两瓶与明火作业距离不应小于5m,C,本题主要考查的是防火安全要求。属于动火作业的要求。A错误，错在“空实瓶同库存放”。空实瓶应分开放置；乙炔瓶和氧气瓶的存放间距不得小于2米；B错误，错在“动火证的动火地点为3处”。动火证只能有一处动火点；D错误，错在“工作间距和作业间距的数字说反了”。氧气瓶、乙炔气瓶工作间距不小于5m，两瓶与明火作业距离不小于10m。故选C。
单选题,[2024年][河南中安]某工程污水管井施工作业前，项目部对井内有毒有害气体进行检测，检测结果显示无危险。在作业过程中，井内瞬间涌出大量有毒气体，造成人员急性中毒。该起事故反映出有限空间作业危害的特性是（    ）。,A.可预防性|B.多样性|C.持续性|D.突发性,D,某些环境下具有突发性。如开始进入有限空间检测时没有危险，但是在作业过程中突然涌出大量的有毒气体，造成急性中毒。故选D。
单选题,[2024年][河南中安]为提高施工现场突发事件应急处置能力，项目部制定了土方坍塌事故应急演练方案，成立应急演练领导小组，施工项目负责人担任演练总指挥，组织开展应急演练活动。下列应急演练的做法中，错误的是（    ）。,A.说明演练规则、场景及主要内容、岗位职责和注意事项|B.检查演练设备、设施、技术资料和参演人员到位情况|C.建设单位项目负责人根据现场情况中止演练活动|D.组织演练点评、参演人员自评、评估组评估,C,本题主要考查的是应急演练的要求。C错误，错在“建设单位项目负责人”。在应急演练实施过程中，出现特殊或意外情况，短时间内不能妥善处理或解决时，应急演练总指挥按照事先规定的程序和指令中断应急演练。故选C。
单选题,[2024年][河南中安]某工程从主体结构3层开始搭设型钢悬挑脚手架。搭设完成后，项目部组织相关人员验收，根据《建筑施工扣件式钢管脚手架安全技术规范》（JGJ130），上述验收情况中，存在隐患的验收项目序号是（    ）。,A.①|B.②|C.③|D.④,D,钢丝绳与建筑结构拉结的吊环应使用HPB235级钢筋，其直径不宜小于20mm。故选D。
单选题,"[2024年][河南中安]根据《城市轨道交通工程基坑、隧道施工坍塌防范导则》(建办质(2021)42号),构建3号线基坑、隧道施工防坍塌管理体系的牵头单位是（    ）。",A.建设单位|B.勘查单位|C.设计单位|D.监理单位 E 施工总承包单位,A,本题主要考查的是隧道施工防坍塌管理体系的牵头单位，属于非常规考点。A正确，建设单位牵头构建基坑、隧道防范坍塌体系，细化任务分工，认真组织实施，层层压实责任，强化各参建单位的责任落实。故选A。
多选题,"[2024年][河南中安]根据《建筑起重机械安全监督管理规定》部令第166号)，塔式起重机自安装验收合格之日起30日内,应向工程所在地县级以上地方人民政府住房和城乡建设行政主管部门办理建筑起重机械使用登记。项目部在办理建筑起重机械使用登记时，应提供的资料有（    ）。",A.危险性较大的分部分项工程清单|B.重大危险源清单|C.塔式起重机验收合格证明|D.塔式起重机安全管理制度 E 塔式起重机司机名单,CD,本题主要考查的是塔吊办理使用登记需要提供的资料，属于非常规考点。答题思路：塔吊本身和操作人员的资料，在它之外的延伸资料不属于办理登记的资料。使用单位应当自建筑起重机械安装验收合格之日起30日内，将建筑起重机械安装验收资料、建筑起重机械安全管理制度、特种作业人员名单等，向工程所在地县级以上地方人民政府建设主管部门办理建筑起重机械使用登记。故选CDE。
多选题,"[2024年][河南中安]根据《房屋市政工程生产安全重大事故隐患判定标准(2022版)》(建质规(2022)2号)下列专家组提出的问题中,应判定为生产安全重大事故隐患的有（    ）。",A.A车站暗挖施工隧道内作业面带水施工未采取止水措施|B.A车站暗挖施工隧道内采用110V电压照明|C.B车站基坑土方已开挖至第二步支撑未进行第三方监测|D.区间隧道盾构机驾驶室与地面通讯不畅 E 区间盾构施工用水平运输车辆运载作业人员进出隧道,ABC,本题主要考查的是重大事故隐患的判定，属于高频考点。答题思路：能够造成严重损失，需要花费一定代价进行解决的隐患属于重大事故隐患。A属于，作业面带水施工未采取相关措施，或地下水控制措施失效且继续施工，属于暗挖工程中的重大事故隐患；B属于，施工临时用电方面，特殊作业环境(隧道、人防工程，高温、有导电灰尘、比较潮湿等作业环境)照明未按规定使用安全电压的，应判定为重大事故隐患；C属于，深基坑施工未进行第三方监测，属于基坑工程的重大事故隐患。故选ABC。
多选题,[2024年][河南中安]根据《城市轨道交通工程基坑、隧道施工坍塌规范导则》(建办质(2021)42号)，3号线基坑、隧道防范坍塌管理体系还应包括的工作内容有（    ）。,A.制定地下水控制措施|B.加强现场施工扬尘治理|C.组织防范坍塌技术培训|D.关键工序采用智能机械设备施工 E 制定周边管线和建(构)筑物的保护措施,ACD,"本题主要考查的是防范坍塌管理体系，属于非常规考点。答题思路：基坑、隧道可能造成的坍塌，如地下水，地上荷载，支撑体系等等。不包括环境保护。构建基坑、隧道防范坍塌体系(1)城市轨道交通工程基坑、隧道属于超过一定规模的危大工程，必须严格执行《危险性较大的分部分项工程安全管理规定》(住房城乡建设部令第37号)及相关要求。防范基坑、隧道施工坍塌是确保施工过程安全的主要内容。(2)建设单位牵头构建基坑、隧道防范坍塌体系，细化任务分工，认真组织实施，层层压实责任，强化各参建单位的责任落实,(3)组织开展重点项目科技攻坚，推广应用城市轨道交通工程创新技术；推动危险性较大的分部分项工程和关键工序的机械化施工水平，促进“机械化换人、自动化减人”；新技术、新工艺、新材料、新设备的应用，应有认证、鉴定、评估或推广证书。(4)各地宜针对地质条件和工程特点，细化基坑、隧道防坍塌具体措施要求。(5)加强培训教育，将基坑、隧道防坍塌技术管理要求纳入培训内容，提升防范坍塌意识和技术管理水平。(6)严格执行地下水控制措施，落实控制效果，加强止水帷幕和帷幕注浆止水效果检测，避免带水作业，及时封堵涌水，必要时采用地层回、跟踪补偿注浆等措施，确保地下水控制处于安全状态。(7)应充分考虑各种非施工因素停工带来的不利影响，提前采取设计、施工应对措施。(8)建设单位应在基坑开挖前、盾构始发前，组织勘察、设计、施工、监理第三方检测等单位，结合水文地质情况和周边建(构)筑物、管线情况进行现状调查，形成现状调查报告并分析评估，研究制定相关保护措施。故选ACDE。"
